CREATE DATABASE  IF NOT EXISTS `crawlerdb` /*!40100 DEFAULT CHARACTER SET utf8 */;
USE `crawlerdb`;
-- MySQL dump 10.13  Distrib 5.6.17, for Win64 (x86_64)
--
-- Host: localhost    Database: crawlerdb
-- ------------------------------------------------------
-- Server version	5.6.20

/*!40101 SET @OLD_CHARACTER_SET_CLIENT=@@CHARACTER_SET_CLIENT */;
/*!40101 SET @OLD_CHARACTER_SET_RESULTS=@@CHARACTER_SET_RESULTS */;
/*!40101 SET @OLD_COLLATION_CONNECTION=@@COLLATION_CONNECTION */;
/*!40101 SET NAMES utf8 */;
/*!40103 SET @OLD_TIME_ZONE=@@TIME_ZONE */;
/*!40103 SET TIME_ZONE='+00:00' */;
/*!40014 SET @OLD_UNIQUE_CHECKS=@@UNIQUE_CHECKS, UNIQUE_CHECKS=0 */;
/*!40014 SET @OLD_FOREIGN_KEY_CHECKS=@@FOREIGN_KEY_CHECKS, FOREIGN_KEY_CHECKS=0 */;
/*!40101 SET @OLD_SQL_MODE=@@SQL_MODE, SQL_MODE='NO_AUTO_VALUE_ON_ZERO' */;
/*!40111 SET @OLD_SQL_NOTES=@@SQL_NOTES, SQL_NOTES=0 */;

--
-- Table structure for table `ezfxrates`
--

DROP TABLE IF EXISTS `ezfxrates`;
/*!40101 SET @saved_cs_client     = @@character_set_client */;
/*!40101 SET character_set_client = utf8 */;
CREATE TABLE `ezfxrates` (
  `No` int(1) DEFAULT NULL,
  `ID` varchar(25) NOT NULL DEFAULT '',
  `URL` varchar(5) DEFAULT NULL,
  `BuyCCY` varchar(3) DEFAULT NULL,
  `SellCCY` varchar(3) DEFAULT NULL,
  `Bid` decimal(8,4) DEFAULT NULL,
  `Offer` decimal(8,4) DEFAULT NULL,
  `Date_p` varchar(10) DEFAULT NULL,
  `Time_p` varchar(8) DEFAULT NULL,
  `Unit` varchar(20) NOT NULL
) ENGINE=InnoDB DEFAULT CHARSET=utf8;
/*!40101 SET character_set_client = @saved_cs_client */;

--
-- Dumping data for table `ezfxrates`
--

LOCK TABLES `ezfxrates` WRITE;
/*!40000 ALTER TABLE `ezfxrates` DISABLE KEYS */;
INSERT INTO `ezfxrates` VALUES (1,'041114-EZFX-MAY-USDMYR','EZFX','USD','MYR',3.3000,3.4000,'04-11-2014','9:00:00','1'),(2,'041114-EZFX-CIT-USDMYR','EZFX','USD','MYR',3.2200,3.3500,'04-11-2014','9:00:00','1'),(NULL,'301014-MAY-AUDMYR','EZFX','MYR','AUD',2.8823,2.8888,'30-10-2014','10:43:19','1'),(NULL,'111114-CIT-AUDMYR','EZFX','MYR','AUD',2.8837,2.8861,'11-11-2014','16:18:53','1'),(NULL,'111114-MAY-AUDUSD','EZFX','USD','AUD',0.0000,0.0000,'11-11-2014','16:19:06','1'),(NULL,'111114-CIT-AUDUSD','EZFX','USD','AUD',0.8621,0.8623,'11-11-2014','16:18:53','1'),(NULL,'301014-MAY-CNYMYR','EZFX','MYR','CNY',0.5356,0.5400,'30-10-2014','10:43:19','1'),(NULL,'111114-CIT-CNYMYR','EZFX','MYR','CNY',0.0000,0.0000,'11-11-2014','16:19:06','1'),(NULL,'301014-MAY-EURMYR','EZFX','MYR','EUR',4.1774,4.1841,'30-10-2014','10:43:19','1'),(NULL,'111114-CIT-EURMYR','EZFX','MYR','EUR',4.1552,4.1580,'11-11-2014','16:18:53','1'),(NULL,'111114-MAY-EURUSD','EZFX','USD','EUR',0.0000,0.0000,'11-11-2014','16:19:06','1'),(NULL,'111114-CIT-EURUSD','EZFX','USD','EUR',1.2422,1.2423,'11-11-2014','16:18:53','1'),(NULL,'301014-MAY-GBPMYR','EZFX','MYR','GBP',5.2503,5.2588,'30-10-2014','10:43:19','1'),(NULL,'111114-CIT-GBPMYR','EZFX','MYR','GBP',5.3022,5.3070,'11-11-2014','16:18:53','1'),(NULL,'111114-MAY-GBPUSD','EZFX','USD','GBP',0.0000,0.0000,'11-11-2014','16:19:06','1'),(NULL,'111114-CIT-GBPUSD','EZFX','USD','GBP',1.5851,1.5856,'11-11-2014','16:18:53','1'),(NULL,'301014-MAY-IDRMYR','EZFX','MYR','IDR',0.0003,0.0003,'30-10-2014','10:43:19','1'),(NULL,'111114-CIT-IDRMYR','EZFX','MYR','IDR',0.0000,0.0000,'11-11-2014','16:19:06','1'),(NULL,'301014-MAY-JPYMYR','EZFX','MYR','JPY',0.0301,0.0302,'30-10-2014','10:43:19','1'),(NULL,'111114-CIT-JPYMYR','EZFX','MYR','JPY',0.0290,0.0291,'11-11-2014','08:33:27','1'),(NULL,'301014-MAY-NZDMYR','EZFX','MYR','NZD',2.5622,2.5694,'30-10-2014','10:43:19','1'),(NULL,'111114-CIT-NZDMYR','EZFX','MYR','NZD',0.0000,0.0000,'11-11-2014','16:19:06','1'),(NULL,'301014-MAY-SGDMYR','EZFX','MYR','SGD',2.5706,2.5764,'30-10-2014','10:43:19','1'),(NULL,'111114-CIT-SGDMYR','EZFX','MYR','SGD',2.5872,2.5892,'11-11-2014','16:18:52','1'),(NULL,'301014-MAY-THBMYR','EZFX','MYR','THB',0.0989,0.1031,'30-10-2014','10:43:19','1'),(NULL,'111114-CIT-THBMYR','EZFX','MYR','THB',0.0000,0.0000,'11-11-2014','16:19:06','1'),(NULL,'111114-MAY-USDJPY','EZFX','JPY','USD',0.0000,0.0000,'11-11-2014','16:19:06','1'),(NULL,'111114-CIT-USDJPY','EZFX','JPY','USD',114.8800,114.9300,'11-11-2014','08:33:27','1'),(NULL,'301014-MAY-USDMYR','EZFX','MYR','USD',3.2850,3.2910,'30-10-2014','10:43:19','1'),(NULL,'111114-CIT-USDMYR','EZFX','MYR','USD',3.3450,3.3470,'11-11-2014','15:46:35','1'),(NULL,'111114-MAY-USDSGD','EZFX','SGD','USD',0.0000,0.0000,'11-11-2014','16:19:06','1'),(NULL,'111114-CIT-USDSGD','EZFX','SGD','USD',1.2927,1.2929,'11-11-2014','16:18:52','1'),(NULL,'111114-MAY-USDVND','EZFX','VND','USD',0.0000,0.0000,'11-11-2014','16:19:06','1'),(NULL,'111114-CIT-USDVND','EZFX','VND','USD',0.0000,0.0000,'11-11-2014','16:19:06','1'),(NULL,'301014-MAY-AUDMYR','EZFX','MYR','AUD',2.8823,2.8888,'30-10-2014','10:43:19','1'),(NULL,'121114-CIT-AUDMYR','EZFX','MYR','AUD',2.9106,2.9127,'12-11-2014','16:36:16','1'),(NULL,'121114-MAY-AUDUSD','EZFX','USD','AUD',0.0000,0.0000,'12-11-2014','16:36:29','1'),(NULL,'121114-CIT-AUDUSD','EZFX','USD','AUD',0.8700,0.8701,'12-11-2014','16:36:16','1'),(NULL,'301014-MAY-CNYMYR','EZFX','MYR','CNY',0.5356,0.5400,'30-10-2014','10:43:19','1'),(NULL,'121114-CIT-CNYMYR','EZFX','MYR','CNY',0.0000,0.0000,'12-11-2014','16:36:29','1'),(NULL,'301014-MAY-EURMYR','EZFX','MYR','EUR',4.1774,4.1841,'30-10-2014','10:43:19','1'),(NULL,'121114-CIT-EURMYR','EZFX','MYR','EUR',4.1695,4.1723,'12-11-2014','16:36:16','1'),(NULL,'121114-MAY-EURUSD','EZFX','USD','EUR',0.0000,0.0000,'12-11-2014','16:36:29','1'),(NULL,'121114-CIT-EURUSD','EZFX','USD','EUR',1.2463,1.2464,'12-11-2014','16:36:15','1'),(NULL,'301014-MAY-GBPMYR','EZFX','MYR','GBP',5.2503,5.2588,'30-10-2014','10:43:19','1'),(NULL,'121114-CIT-GBPMYR','EZFX','MYR','GBP',5.3277,5.3326,'12-11-2014','16:36:16','1'),(NULL,'121114-MAY-GBPUSD','EZFX','USD','GBP',0.0000,0.0000,'12-11-2014','16:36:29','1'),(NULL,'121114-CIT-GBPUSD','EZFX','USD','GBP',1.5925,1.5930,'12-11-2014','16:36:16','1'),(NULL,'301014-MAY-IDRMYR','EZFX','MYR','IDR',0.0003,0.0003,'30-10-2014','10:43:19','1'),(NULL,'121114-CIT-IDRMYR','EZFX','MYR','IDR',0.0000,0.0000,'12-11-2014','16:36:29','1'),(NULL,'301014-MAY-JPYMYR','EZFX','MYR','JPY',0.0301,0.0302,'30-10-2014','10:43:19','1'),(NULL,'121114-CIT-JPYMYR','EZFX','MYR','JPY',0.0290,0.0291,'12-11-2014','15:33:36','1'),(NULL,'301014-MAY-NZDMYR','EZFX','MYR','NZD',2.5622,2.5694,'30-10-2014','10:43:19','1'),(NULL,'121114-CIT-NZDMYR','EZFX','MYR','NZD',0.0000,0.0000,'12-11-2014','16:36:29','1'),(NULL,'301014-MAY-SGDMYR','EZFX','MYR','SGD',2.5706,2.5764,'30-10-2014','10:43:19','1'),(NULL,'121114-CIT-SGDMYR','EZFX','MYR','SGD',2.5916,2.5934,'12-11-2014','16:36:16','1'),(NULL,'301014-MAY-THBMYR','EZFX','MYR','THB',0.0989,0.1031,'30-10-2014','10:43:19','1'),(NULL,'121114-CIT-THBMYR','EZFX','MYR','THB',0.0000,0.0000,'12-11-2014','16:36:29','1'),(NULL,'121114-MAY-USDJPY','EZFX','JPY','USD',0.0000,0.0000,'12-11-2014','16:36:29','1'),(NULL,'121114-CIT-USDJPY','EZFX','JPY','USD',115.2300,115.2800,'12-11-2014','15:33:36','1'),(NULL,'301014-MAY-USDMYR','EZFX','MYR','USD',3.2850,3.2910,'30-10-2014','10:43:19','1'),(NULL,'111114-CIT-USDMYR','EZFX','MYR','USD',3.3455,3.3475,'11-11-2014','22:20:56','1'),(NULL,'121114-MAY-USDSGD','EZFX','SGD','USD',0.0000,0.0000,'12-11-2014','16:36:29','1'),(NULL,'121114-CIT-USDSGD','EZFX','SGD','USD',1.2908,1.2909,'12-11-2014','16:36:16','1'),(NULL,'301014-MAY-AUDMYR','EZFX','MYR','AUD',2.8823,2.8888,'30-10-2014','10:43:19','1'),(NULL,'131114-CIT-AUDMYR','EZFX','MYR','AUD',2.9031,2.9056,'13-11-2014','07:59:52','1'),(NULL,'131114-MAY-AUDUSD','EZFX','USD','AUD',0.0000,0.0000,'13-11-2014','10:03:29','1'),(NULL,'131114-CIT-AUDUSD','EZFX','USD','AUD',0.8709,0.8711,'13-11-2014','07:59:52','1'),(NULL,'301014-MAY-CNYMYR','EZFX','MYR','CNY',0.5356,0.5400,'30-10-2014','10:43:19','1'),(NULL,'131114-CIT-CNYMYR','EZFX','MYR','CNY',0.0000,0.0000,'13-11-2014','10:03:29','1'),(NULL,'301014-MAY-EURMYR','EZFX','MYR','EUR',4.1774,4.1841,'30-10-2014','10:43:19','1'),(NULL,'131114-CIT-EURMYR','EZFX','MYR','EUR',4.1432,4.1464,'13-11-2014','07:59:52','1'),(NULL,'131114-MAY-EURUSD','EZFX','USD','EUR',0.0000,0.0000,'13-11-2014','10:03:29','1'),(NULL,'131114-CIT-EURUSD','EZFX','USD','EUR',1.2429,1.2431,'13-11-2014','07:59:52','1'),(NULL,'301014-MAY-GBPMYR','EZFX','MYR','GBP',5.2503,5.2588,'30-10-2014','10:43:19','1'),(NULL,'131114-CIT-GBPMYR','EZFX','MYR','GBP',5.2566,5.2611,'13-11-2014','07:59:52','1'),(NULL,'131114-MAY-GBPUSD','EZFX','USD','GBP',0.0000,0.0000,'13-11-2014','10:03:29','1'),(NULL,'131114-CIT-GBPUSD','EZFX','USD','GBP',1.5769,1.5773,'13-11-2014','07:59:52','1'),(NULL,'301014-MAY-IDRMYR','EZFX','MYR','IDR',0.0003,0.0003,'30-10-2014','10:43:19','1'),(NULL,'131114-CIT-IDRMYR','EZFX','MYR','IDR',0.0000,0.0000,'13-11-2014','10:03:29','1'),(NULL,'301014-MAY-JPYMYR','EZFX','MYR','JPY',0.0301,0.0302,'30-10-2014','10:43:19','1'),(NULL,'131114-CIT-JPYMYR','EZFX','MYR','JPY',0.0289,0.0289,'13-11-2014','06:02:37','1'),(NULL,'301014-MAY-NZDMYR','EZFX','MYR','NZD',2.5622,2.5694,'30-10-2014','10:43:19','1'),(NULL,'131114-CIT-NZDMYR','EZFX','MYR','NZD',0.0000,0.0000,'13-11-2014','10:03:29','1'),(NULL,'301014-MAY-SGDMYR','EZFX','MYR','SGD',2.5706,2.5764,'30-10-2014','10:43:19','1'),(NULL,'131114-CIT-SGDMYR','EZFX','MYR','SGD',2.5825,2.5850,'13-11-2014','10:00:27','1'),(NULL,'301014-MAY-THBMYR','EZFX','MYR','THB',0.0989,0.1031,'30-10-2014','10:43:19','1'),(NULL,'131114-CIT-THBMYR','EZFX','MYR','THB',0.0000,0.0000,'13-11-2014','10:03:29','1'),(NULL,'131114-MAY-USDJPY','EZFX','JPY','USD',0.0000,0.0000,'13-11-2014','10:03:29','1'),(NULL,'131114-CIT-USDJPY','EZFX','JPY','USD',115.4900,115.5400,'13-11-2014','06:02:37','1'),(NULL,'301014-MAY-USDMYR','EZFX','MYR','USD',3.2850,3.2910,'30-10-2014','10:43:19','1'),(NULL,'131114-CIT-USDMYR','EZFX','MYR','USD',3.3345,3.3365,'13-11-2014','10:00:27','1'),(NULL,'131114-MAY-USDSGD','EZFX','SGD','USD',0.0000,0.0000,'13-11-2014','10:03:29','1'),(NULL,'131114-CIT-USDSGD','EZFX','SGD','USD',1.2907,1.2912,'13-11-2014','07:59:52','1'),(NULL,'301014-MAY-AUDMYR','EZFX','MYR','AUD',2.8823,2.8888,'30-10-2014','10:43:19','1'),(NULL,'141114-CIT-AUDMYR','EZFX','MYR','AUD',2.9060,2.9096,'14-11-2014','09:02:53','1'),(NULL,'141114-MAY-AUDUSD','EZFX','USD','AUD',0.0000,0.0000,'14-11-2014','09:03:05','1'),(NULL,'141114-CIT-AUDUSD','EZFX','USD','AUD',0.8694,0.8697,'14-11-2014','09:02:53','1'),(NULL,'301014-MAY-CNYMYR','EZFX','MYR','CNY',0.5356,0.5400,'30-10-2014','10:43:19','1'),(NULL,'141114-CIT-CNYMYR','EZFX','MYR','CNY',0.0000,0.0000,'14-11-2014','09:03:05','1'),(NULL,'301014-MAY-EURMYR','EZFX','MYR','EUR',4.1774,4.1841,'30-10-2014','10:43:19','1'),(NULL,'141114-CIT-EURMYR','EZFX','MYR','EUR',4.1654,4.1705,'14-11-2014','09:02:53','1'),(NULL,'141114-MAY-EURUSD','EZFX','USD','EUR',0.0000,0.0000,'14-11-2014','09:03:05','1'),(NULL,'141114-CIT-EURUSD','EZFX','USD','EUR',1.2462,1.2466,'14-11-2014','09:02:53','1'),(NULL,'301014-MAY-GBPMYR','EZFX','MYR','GBP',5.2503,5.2588,'30-10-2014','10:43:19','1'),(NULL,'141114-CIT-GBPMYR','EZFX','MYR','GBP',5.2440,5.2491,'14-11-2014','09:02:53','1'),(NULL,'141114-MAY-GBPUSD','EZFX','USD','GBP',0.0000,0.0000,'14-11-2014','09:03:05','1'),(NULL,'141114-CIT-GBPUSD','EZFX','USD','GBP',1.5689,1.5690,'14-11-2014','09:02:53','1'),(NULL,'301014-MAY-IDRMYR','EZFX','MYR','IDR',0.0003,0.0003,'30-10-2014','10:43:19','1'),(NULL,'141114-CIT-IDRMYR','EZFX','MYR','IDR',0.0000,0.0000,'14-11-2014','09:03:05','1'),(NULL,'301014-MAY-JPYMYR','EZFX','MYR','JPY',0.0301,0.0302,'30-10-2014','10:43:19','1'),(NULL,'141114-CIT-JPYMYR','EZFX','MYR','JPY',0.0288,0.0288,'14-11-2014','08:16:32','1'),(NULL,'301014-MAY-NZDMYR','EZFX','MYR','NZD',2.5622,2.5694,'30-10-2014','10:43:19','1'),(NULL,'141114-CIT-NZDMYR','EZFX','MYR','NZD',0.0000,0.0000,'14-11-2014','09:03:05','1'),(NULL,'301014-MAY-SGDMYR','EZFX','MYR','SGD',2.5706,2.5764,'30-10-2014','10:43:19','1'),(NULL,'141114-CIT-SGDMYR','EZFX','MYR','SGD',2.5833,2.5860,'14-11-2014','09:02:53','1'),(NULL,'301014-MAY-THBMYR','EZFX','MYR','THB',0.0989,0.1031,'30-10-2014','10:43:19','1'),(NULL,'141114-CIT-THBMYR','EZFX','MYR','THB',0.0000,0.0000,'14-11-2014','09:03:05','1'),(NULL,'141114-MAY-USDJPY','EZFX','JPY','USD',0.0000,0.0000,'14-11-2014','09:03:05','1'),(NULL,'141114-CIT-USDJPY','EZFX','JPY','USD',115.9200,115.9700,'14-11-2014','08:16:32','1'),(NULL,'301014-MAY-USDMYR','EZFX','MYR','USD',3.2850,3.2910,'30-10-2014','10:43:19','1'),(NULL,'141114-CIT-USDMYR','EZFX','MYR','USD',3.3425,3.3455,'14-11-2014','09:02:21','1'),(NULL,'141114-MAY-USDSGD','EZFX','SGD','USD',0.0000,0.0000,'14-11-2014','09:03:05','1'),(NULL,'141114-CIT-USDSGD','EZFX','SGD','USD',1.2937,1.2939,'14-11-2014','09:02:53','1'),(NULL,'301014-MAY-AUDMYR','EZFX','MYR','AUD',2.8823,2.8888,'30-10-2014','10:43:19','1'),(NULL,'171114-CIT-AUDMYR','EZFX','MYR','AUD',2.9314,2.9342,'17-11-2014','09:02:26','1'),(NULL,'171114-MAY-AUDUSD','EZFX','USD','AUD',0.0000,0.0000,'17-11-2014','09:02:36','1'),(NULL,'171114-CIT-AUDUSD','EZFX','USD','AUD',0.8761,0.8764,'17-11-2014','09:02:26','1'),(NULL,'301014-MAY-CNYMYR','EZFX','MYR','CNY',0.5356,0.5400,'30-10-2014','10:43:19','1'),(NULL,'171114-CIT-CNYMYR','EZFX','MYR','CNY',0.0000,0.0000,'17-11-2014','09:02:36','1'),(NULL,'301014-MAY-EURMYR','EZFX','MYR','EUR',4.1774,4.1841,'30-10-2014','10:43:19','1'),(NULL,'171114-CIT-EURMYR','EZFX','MYR','EUR',4.1919,4.1950,'17-11-2014','09:02:26','1'),(NULL,'171114-MAY-EURUSD','EZFX','USD','EUR',0.0000,0.0000,'17-11-2014','09:02:36','1'),(NULL,'171114-CIT-EURUSD','EZFX','USD','EUR',1.2528,1.2530,'17-11-2014','09:02:26','1'),(NULL,'301014-MAY-GBPMYR','EZFX','MYR','GBP',5.2503,5.2588,'30-10-2014','10:43:19','1'),(NULL,'171114-CIT-GBPMYR','EZFX','MYR','GBP',0.0000,5.2480,'17-11-2014','09:02:26','1'),(NULL,'171114-MAY-GBPUSD','EZFX','USD','GBP',0.0000,0.0000,'17-11-2014','09:02:36','1'),(NULL,'171114-CIT-GBPUSD','EZFX','USD','GBP',0.0000,1.5675,'17-11-2014','09:02:26','1'),(NULL,'301014-MAY-IDRMYR','EZFX','MYR','IDR',0.0003,0.0003,'30-10-2014','10:43:19','1'),(NULL,'171114-CIT-IDRMYR','EZFX','MYR','IDR',0.0000,0.0000,'17-11-2014','09:02:36','1'),(NULL,'301014-MAY-JPYMYR','EZFX','MYR','JPY',0.0301,0.0302,'30-10-2014','10:43:19','1'),(NULL,'171114-CIT-JPYMYR','EZFX','MYR','JPY',0.0286,0.0287,'17-11-2014','08:01:06','1'),(NULL,'301014-MAY-NZDMYR','EZFX','MYR','NZD',2.5622,2.5694,'30-10-2014','10:43:19','1'),(NULL,'171114-CIT-NZDMYR','EZFX','MYR','NZD',0.0000,0.0000,'17-11-2014','09:02:36','1'),(NULL,'301014-MAY-SGDMYR','EZFX','MYR','SGD',2.5706,2.5764,'30-10-2014','10:43:19','1'),(NULL,'171114-CIT-SGDMYR','EZFX','MYR','SGD',2.5806,2.5825,'17-11-2014','09:02:26','1'),(NULL,'301014-MAY-THBMYR','EZFX','MYR','THB',0.0989,0.1031,'30-10-2014','10:43:19','1'),(NULL,'171114-CIT-THBMYR','EZFX','MYR','THB',0.0000,0.0000,'17-11-2014','09:02:36','1'),(NULL,'171114-MAY-USDJPY','EZFX','JPY','USD',0.0000,0.0000,'17-11-2014','09:02:36','1'),(NULL,'171114-CIT-USDJPY','EZFX','JPY','USD',116.8500,116.9000,'17-11-2014','08:01:06','1'),(NULL,'301014-MAY-USDMYR','EZFX','MYR','USD',3.2850,3.2910,'30-10-2014','10:43:19','1'),(NULL,'151114-CIT-USDMYR','EZFX','MYR','USD',3.3460,3.3480,'15-11-2014','18:18:53','1'),(NULL,'171114-MAY-USDSGD','EZFX','SGD','USD',0.0000,0.0000,'17-11-2014','09:02:36','1'),(NULL,'171114-CIT-USDSGD','EZFX','SGD','USD',1.2964,1.2966,'17-11-2014','09:02:26','1'),(NULL,'301014-MAY-AUDMYR','EZFX','MYR','AUD',2.8823,2.8888,'30-10-2014','10:43:19','1'),(NULL,'181114-CIT-AUDMYR','EZFX','MYR','AUD',2.9187,2.9214,'18-11-2014','09:04:55','1'),(NULL,'181114-MAY-AUDUSD','EZFX','USD','AUD',0.0000,0.0000,'18-11-2014','09:05:18','1'),(NULL,'181114-CIT-AUDUSD','EZFX','USD','AUD',0.8719,0.8722,'18-11-2014','09:04:55','1'),(NULL,'301014-MAY-CNYMYR','EZFX','MYR','CNY',0.5356,0.5400,'30-10-2014','10:43:19','1'),(NULL,'181114-CIT-CNYMYR','EZFX','MYR','CNY',0.0000,0.0000,'18-11-2014','09:05:18','1'),(NULL,'301014-MAY-EURMYR','EZFX','MYR','EUR',4.1774,4.1841,'30-10-2014','10:43:19','1'),(NULL,'181114-CIT-EURMYR','EZFX','MYR','EUR',4.1723,4.1755,'18-11-2014','09:04:55','1'),(NULL,'181114-MAY-EURUSD','EZFX','USD','EUR',0.0000,0.0000,'18-11-2014','09:05:18','1'),(NULL,'181114-CIT-EURUSD','EZFX','USD','EUR',1.2464,1.2466,'18-11-2014','09:04:55','1'),(NULL,'301014-MAY-GBPMYR','EZFX','MYR','GBP',5.2503,5.2588,'30-10-2014','10:43:19','1'),(NULL,'181114-CIT-GBPMYR','EZFX','MYR','GBP',5.2365,5.2406,'18-11-2014','09:04:55','1'),(NULL,'181114-MAY-GBPUSD','EZFX','USD','GBP',0.0000,0.0000,'18-11-2014','09:05:18','1'),(NULL,'181114-CIT-GBPUSD','EZFX','USD','GBP',1.5643,1.5646,'18-11-2014','09:04:55','1'),(NULL,'301014-MAY-IDRMYR','EZFX','MYR','IDR',0.0003,0.0003,'30-10-2014','10:43:19','1'),(NULL,'181114-CIT-IDRMYR','EZFX','MYR','IDR',0.0000,0.0000,'18-11-2014','09:05:18','1'),(NULL,'301014-MAY-JPYMYR','EZFX','MYR','JPY',0.0301,0.0302,'30-10-2014','10:43:19','1'),(NULL,'181114-CIT-JPYMYR','EZFX','MYR','JPY',0.0287,0.0287,'18-11-2014','08:01:04','1'),(NULL,'301014-MAY-NZDMYR','EZFX','MYR','NZD',2.5622,2.5694,'30-10-2014','10:43:19','1'),(NULL,'181114-CIT-NZDMYR','EZFX','MYR','NZD',0.0000,0.0000,'18-11-2014','09:05:18','1'),(NULL,'301014-MAY-SGDMYR','EZFX','MYR','SGD',2.5706,2.5764,'30-10-2014','10:43:19','1'),(NULL,'181114-CIT-SGDMYR','EZFX','MYR','SGD',2.5794,2.5811,'18-11-2014','09:04:55','1'),(NULL,'301014-MAY-THBMYR','EZFX','MYR','THB',0.0989,0.1031,'30-10-2014','10:43:19','1'),(NULL,'181114-CIT-THBMYR','EZFX','MYR','THB',0.0000,0.0000,'18-11-2014','09:05:18','1'),(NULL,'181114-MAY-USDJPY','EZFX','JPY','USD',0.0000,0.0000,'18-11-2014','09:05:18','1'),(NULL,'181114-CIT-USDJPY','EZFX','JPY','USD',116.6000,116.6500,'18-11-2014','08:01:04','1'),(NULL,'301014-MAY-USDMYR','EZFX','MYR','USD',3.2850,3.2910,'30-10-2014','10:43:19','1'),(NULL,'181114-CIT-USDMYR','EZFX','MYR','USD',3.3475,3.3495,'18-11-2014','09:03:24','1'),(NULL,'181114-MAY-USDSGD','EZFX','SGD','USD',0.0000,0.0000,'18-11-2014','09:05:18','1'),(NULL,'181114-CIT-USDSGD','EZFX','SGD','USD',1.2977,1.2978,'18-11-2014','09:04:55','1'),(NULL,'191114-MAY-AUDMYR','EZFX','MYR','AUD',2.9193,2.9250,'19-11-2014','07:22:25','1'),(NULL,'191114-CIT-AUDMYR','EZFX','MYR','AUD',2.9118,2.9151,'19-11-2014','09:15:33','1'),(NULL,'191114-MAY-AUDUSD','EZFX','USD','AUD',0.0000,0.0000,'19-11-2014','09:15:58','1'),(NULL,'191114-CIT-AUDUSD','EZFX','USD','AUD',0.8688,0.8690,'19-11-2014','09:15:33','1'),(NULL,'191114-MAY-CNYMYR','EZFX','MYR','CNY',0.5456,0.5500,'19-11-2014','05:00:14','1'),(NULL,'191114-CIT-CNYMYR','EZFX','MYR','CNY',0.0000,0.0000,'19-11-2014','09:15:58','1'),(NULL,'191114-MAY-EURMYR','EZFX','MYR','EUR',4.1930,4.1999,'19-11-2014','08:49:39','1'),(NULL,'191114-CIT-EURMYR','EZFX','MYR','EUR',4.1954,4.1995,'19-11-2014','09:15:33','1'),(NULL,'191114-MAY-EURUSD','EZFX','USD','EUR',0.0000,0.0000,'19-11-2014','09:15:58','1'),(NULL,'191114-CIT-EURUSD','EZFX','USD','EUR',1.2518,1.2519,'19-11-2014','09:15:33','1'),(NULL,'191114-MAY-GBPMYR','EZFX','MYR','GBP',5.2428,5.2507,'19-11-2014','08:50:52','1'),(NULL,'191114-CIT-GBPMYR','EZFX','MYR','GBP',5.2324,5.2381,'19-11-2014','09:15:32','1'),(NULL,'191114-MAY-GBPUSD','EZFX','USD','GBP',0.0000,0.0000,'19-11-2014','09:15:58','1'),(NULL,'191114-CIT-GBPUSD','EZFX','USD','GBP',1.5612,1.5615,'19-11-2014','09:15:32','1'),(NULL,'191114-MAY-HKDMYR','EZFX','MYR','HKD',0.0000,0.0000,'19-11-2014','09:15:58','1'),(NULL,'191114-CIT-HKDMYR','EZFX','MYR','HKD',0.0000,0.0000,'19-11-2014','09:15:58','1'),(NULL,'191114-MAY-IDRMYR','EZFX','MYR','IDR',0.0003,0.0003,'19-11-2014','05:00:12','1'),(NULL,'191114-CIT-IDRMYR','EZFX','MYR','IDR',0.0000,0.0000,'19-11-2014','09:15:58','1'),(NULL,'191114-MAY-JPYMYR','EZFX','MYR','JPY',0.0287,0.0287,'19-11-2014','07:21:59','1'),(NULL,'191114-CIT-JPYMYR','EZFX','MYR','JPY',0.0287,0.0287,'19-11-2014','08:01:02','1'),(NULL,'191114-MAY-NZDMYR','EZFX','MYR','NZD',2.6501,2.6564,'19-11-2014','07:22:21','1'),(NULL,'191114-CIT-NZDMYR','EZFX','MYR','NZD',0.0000,0.0000,'19-11-2014','09:15:58','1'),(NULL,'191114-MAY-PHPMYR','EZFX','MYR','PHP',0.0000,0.0000,'19-11-2014','09:15:58','1'),(NULL,'191114-CIT-PHPMYR','EZFX','MYR','PHP',0.0000,0.0000,'19-11-2014','09:15:58','1'),(NULL,'191114-MAY-SGDMYR','EZFX','MYR','SGD',2.5812,2.5874,'19-11-2014','07:22:24','1'),(NULL,'191114-CIT-SGDMYR','EZFX','MYR','SGD',2.5801,2.5828,'19-11-2014','09:15:33','1'),(NULL,'191114-MAY-THBMYR','EZFX','MYR','THB',0.1003,0.1044,'19-11-2014','05:00:15','1'),(NULL,'191114-CIT-THBMYR','EZFX','MYR','THB',0.0000,0.0000,'19-11-2014','09:15:58','1'),(NULL,'191114-MAY-USDJPY','EZFX','JPY','USD',0.0000,0.0000,'19-11-2014','09:15:58','1'),(NULL,'191114-CIT-USDJPY','EZFX','JPY','USD',116.8500,116.9000,'19-11-2014','08:01:02','1'),(NULL,'191114-MAY-USDMYR','EZFX','MYR','USD',3.3500,3.3560,'19-11-2014','05:00:23','1'),(NULL,'181114-CIT-USDMYR','EZFX','MYR','USD',3.3515,3.3545,'18-11-2014','18:32:13','1'),(NULL,'191114-MAY-USDSGD','EZFX','SGD','USD',0.0000,0.0000,'19-11-2014','09:15:58','1'),(NULL,'191114-CIT-USDSGD','EZFX','SGD','USD',1.2988,1.2990,'19-11-2014','09:15:33','1'),(NULL,'201114-MAY-AUDMYR','EZFX','MYR','AUD',2.8861,2.8922,'20-11-2014','09:20:00','1'),(NULL,'201114-CIT-AUDMYR','EZFX','MYR','AUD',2.8902,2.8931,'20-11-2014','10:18:10','1'),(NULL,'201114-MAY-AUDUSD','EZFX','USD','AUD',0.0000,0.0000,'20-11-2014','10:18:33','1'),(NULL,'201114-CIT-AUDUSD','EZFX','USD','AUD',0.8607,0.8608,'20-11-2014','10:18:10','1'),(NULL,'201114-MAY-CNYMYR','EZFX','MYR','CNY',0.5466,0.5510,'20-11-2014','05:00:19','1'),(NULL,'201114-CIT-CNYMYR','EZFX','MYR','CNY',0.0000,0.0000,'20-11-2014','10:18:33','1'),(NULL,'201114-MAY-EURMYR','EZFX','MYR','EUR',4.2054,4.2120,'20-11-2014','09:19:59','1'),(NULL,'201114-CIT-EURMYR','EZFX','MYR','EUR',4.2093,4.2144,'20-11-2014','10:18:10','1'),(NULL,'201114-MAY-EURUSD','EZFX','USD','EUR',0.0000,0.0000,'20-11-2014','10:18:33','1'),(NULL,'201114-CIT-EURUSD','EZFX','USD','EUR',1.2535,1.2539,'20-11-2014','10:18:10','1'),(NULL,'201114-MAY-GBPMYR','EZFX','MYR','GBP',5.2595,5.2670,'20-11-2014','10:01:46','1'),(NULL,'201114-CIT-GBPMYR','EZFX','MYR','GBP',5.2617,5.2667,'20-11-2014','10:18:10','1'),(NULL,'201114-MAY-GBPUSD','EZFX','USD','GBP',0.0000,0.0000,'20-11-2014','10:18:33','1'),(NULL,'201114-CIT-GBPUSD','EZFX','USD','GBP',1.5669,1.5670,'20-11-2014','10:18:10','1'),(NULL,'201114-MAY-HKDMYR','EZFX','MYR','HKD',0.4309,0.4352,'20-11-2014','05:00:19','1'),(NULL,'201114-CIT-HKDMYR','EZFX','MYR','HKD',0.0000,0.0000,'20-11-2014','10:18:33','1'),(NULL,'201114-MAY-IDRMYR','EZFX','MYR','IDR',0.0003,0.0003,'20-11-2014','09:17:44','1'),(NULL,'201114-CIT-IDRMYR','EZFX','MYR','IDR',0.0000,0.0000,'20-11-2014','10:18:33','1'),(NULL,'201114-MAY-JPYMYR','EZFX','MYR','JPY',0.0284,0.0284,'20-11-2014','09:19:57','1'),(NULL,'201114-CIT-JPYMYR','EZFX','MYR','JPY',0.0284,0.0285,'20-11-2014','08:01:04','1'),(NULL,'201114-MAY-NZDMYR','EZFX','MYR','NZD',2.6283,2.6342,'20-11-2014','09:20:00','1'),(NULL,'201114-CIT-NZDMYR','EZFX','MYR','NZD',0.0000,0.0000,'20-11-2014','10:18:33','1'),(NULL,'201114-MAY-PHPMYR','EZFX','MYR','PHP',0.0743,0.0748,'20-11-2014','05:00:17','1'),(NULL,'201114-CIT-PHPMYR','EZFX','MYR','PHP',0.0000,0.0000,'20-11-2014','10:18:33','1'),(NULL,'201114-MAY-SGDMYR','EZFX','MYR','SGD',2.5759,2.5817,'20-11-2014','09:20:00','1'),(NULL,'201114-CIT-SGDMYR','EZFX','MYR','SGD',2.5799,2.5824,'20-11-2014','10:18:10','1'),(NULL,'201114-MAY-THBMYR','EZFX','MYR','THB',0.1001,0.1043,'20-11-2014','09:17:43','1'),(NULL,'201114-CIT-THBMYR','EZFX','MYR','THB',0.0000,0.0000,'20-11-2014','10:18:33','1'),(NULL,'201114-MAY-USDJPY','EZFX','JPY','USD',0.0000,0.0000,'20-11-2014','10:18:33','1'),(NULL,'201114-CIT-USDJPY','EZFX','JPY','USD',118.1320,118.1390,'20-11-2014','08:01:04','1'),(NULL,'201114-MAY-USDMYR','EZFX','MYR','USD',3.3555,3.3615,'20-11-2014','05:00:28','1'),(NULL,'201114-CIT-USDMYR','EZFX','MYR','USD',3.3580,3.3610,'20-11-2014','10:15:22','1'),(NULL,'201114-MAY-USDSGD','EZFX','SGD','USD',0.0000,0.0000,'20-11-2014','10:18:33','1'),(NULL,'201114-CIT-USDSGD','EZFX','SGD','USD',1.3015,1.3016,'20-11-2014','10:18:10','1'),(NULL,'211114-MAY-AUDMYR','EZFX','MYR','AUD',2.8942,2.9002,'21-11-2014','05:06:57','1'),(NULL,'211114-CIT-AUDMYR','EZFX','MYR','AUD',2.8943,2.8963,'21-11-2014','09:08:16','1'),(NULL,'211114-MAY-AUDUSD','EZFX','USD','AUD',0.0000,0.0000,'21-11-2014','09:08:38','1'),(NULL,'211114-CIT-AUDUSD','EZFX','USD','AUD',0.8628,0.8629,'21-11-2014','09:08:16','1'),(NULL,'211114-MAY-CNYMYR','EZFX','MYR','CNY',0.5466,0.5510,'21-11-2014','05:00:17','1'),(NULL,'211114-CIT-CNYMYR','EZFX','MYR','CNY',0.0000,0.0000,'21-11-2014','09:08:38','1'),(NULL,'211114-MAY-EURMYR','EZFX','MYR','EUR',4.2094,4.2161,'21-11-2014','05:06:57','1'),(NULL,'211114-CIT-EURMYR','EZFX','MYR','EUR',4.2096,4.2127,'21-11-2014','09:08:16','1'),(NULL,'211114-MAY-EURUSD','EZFX','USD','EUR',0.0000,0.0000,'21-11-2014','09:08:38','1'),(NULL,'211114-CIT-EURUSD','EZFX','USD','EUR',1.2549,1.2551,'21-11-2014','09:08:16','1'),(NULL,'211114-MAY-GBPMYR','EZFX','MYR','GBP',5.2679,5.2753,'21-11-2014','05:06:58','1'),(NULL,'211114-CIT-GBPMYR','EZFX','MYR','GBP',0.0000,5.2684,'21-11-2014','09:08:16','1'),(NULL,'211114-MAY-GBPUSD','EZFX','USD','GBP',0.0000,0.0000,'21-11-2014','09:08:38','1'),(NULL,'211114-CIT-GBPUSD','EZFX','USD','GBP',0.0000,1.5696,'21-11-2014','09:08:16','1'),(NULL,'211114-MAY-HKDMYR','EZFX','MYR','HKD',0.4309,0.4352,'21-11-2014','05:00:17','1'),(NULL,'211114-CIT-HKDMYR','EZFX','MYR','HKD',0.0000,0.0000,'21-11-2014','09:08:38','1'),(NULL,'211114-MAY-IDRMYR','EZFX','MYR','IDR',0.0003,0.0003,'21-11-2014','09:05:25','1'),(NULL,'211114-CIT-IDRMYR','EZFX','MYR','IDR',0.0000,0.0000,'21-11-2014','09:08:38','1'),(NULL,'211114-MAY-JPYMYR','EZFX','MYR','JPY',0.0284,0.0285,'21-11-2014','08:24:59','1'),(NULL,'211114-CIT-JPYMYR','EZFX','MYR','JPY',0.0284,0.0284,'21-11-2014','08:01:03','1'),(NULL,'211114-MAY-NZDMYR','EZFX','MYR','NZD',2.6397,2.6459,'21-11-2014','05:06:57','1'),(NULL,'211114-CIT-NZDMYR','EZFX','MYR','NZD',0.0000,0.0000,'21-11-2014','09:08:38','1'),(NULL,'211114-MAY-PHPMYR','EZFX','MYR','PHP',0.0743,0.0748,'21-11-2014','05:00:16','1'),(NULL,'211114-CIT-PHPMYR','EZFX','MYR','PHP',0.0000,0.0000,'21-11-2014','09:08:38','1'),(NULL,'211114-MAY-SGDMYR','EZFX','MYR','SGD',2.5811,2.5872,'21-11-2014','05:06:57','1'),(NULL,'211114-CIT-SGDMYR','EZFX','MYR','SGD',2.5810,2.5829,'21-11-2014','09:08:16','1'),(NULL,'211114-MAY-THBMYR','EZFX','MYR','THB',0.1003,0.1045,'21-11-2014','09:07:53','1'),(NULL,'211114-CIT-THBMYR','EZFX','MYR','THB',0.0000,0.0000,'21-11-2014','09:08:38','1'),(NULL,'211114-MAY-USDJPY','EZFX','JPY','USD',0.0000,0.0000,'21-11-2014','09:08:38','1'),(NULL,'211114-CIT-USDJPY','EZFX','JPY','USD',118.2200,118.2700,'21-11-2014','08:01:03','1'),(NULL,'211114-MAY-USDMYR','EZFX','MYR','USD',3.3555,3.3615,'21-11-2014','05:00:26','1'),(NULL,'211114-CIT-USDMYR','EZFX','MYR','USD',3.3545,3.3565,'21-11-2014','09:08:02','1'),(NULL,'211114-MAY-USDSGD','EZFX','SGD','USD',0.0000,0.0000,'21-11-2014','09:08:38','1'),(NULL,'211114-CIT-USDSGD','EZFX','SGD','USD',1.2995,1.2997,'21-11-2014','09:08:16','1'),(NULL,'241114-MAY-AUDMYR','EZFX','MYR','AUD',2.9163,2.9224,'24-11-2014','08:23:22','1'),(NULL,'241114-CIT-AUDMYR','EZFX','MYR','AUD',2.9006,2.9035,'24-11-2014','09:14:17','1'),(NULL,'241114-MAY-AUDUSD','EZFX','USD','AUD',0.0000,0.0000,'24-11-2014','09:14:37','1'),(NULL,'241114-CIT-AUDUSD','EZFX','USD','AUD',0.8683,0.8684,'24-11-2014','09:14:17','1'),(NULL,'241114-MAY-CNYMYR','EZFX','MYR','CNY',0.5466,0.5510,'24-11-2014','05:00:11','1'),(NULL,'241114-CIT-CNYMYR','EZFX','MYR','CNY',0.0000,0.0000,'24-11-2014','09:14:37','1'),(NULL,'241114-MAY-EURMYR','EZFX','MYR','EUR',4.1554,4.1621,'24-11-2014','08:23:22','1'),(NULL,'241114-CIT-EURMYR','EZFX','MYR','EUR',4.1335,4.1376,'24-11-2014','09:14:17','1'),(NULL,'241114-MAY-EURUSD','EZFX','USD','EUR',0.0000,0.0000,'24-11-2014','09:14:37','1'),(NULL,'241114-CIT-EURUSD','EZFX','USD','EUR',1.2374,1.2375,'24-11-2014','09:14:17','1'),(NULL,'241114-MAY-GBPMYR','EZFX','MYR','GBP',5.2530,5.2605,'24-11-2014','08:23:22','1'),(NULL,'241114-CIT-GBPMYR','EZFX','MYR','GBP',5.2259,5.2312,'24-11-2014','09:14:17','1'),(NULL,'241114-MAY-GBPUSD','EZFX','USD','GBP',0.0000,0.0000,'24-11-2014','09:14:37','1'),(NULL,'241114-CIT-GBPUSD','EZFX','USD','GBP',1.5644,1.5646,'24-11-2014','09:14:17','1'),(NULL,'241114-MAY-HKDMYR','EZFX','MYR','HKD',0.4309,0.4352,'24-11-2014','05:00:14','1'),(NULL,'241114-CIT-HKDMYR','EZFX','MYR','HKD',0.0000,0.0000,'24-11-2014','09:14:37','1'),(NULL,'241114-MAY-IDRMYR','EZFX','MYR','IDR',0.0003,0.0003,'24-11-2014','09:13:01','1'),(NULL,'241114-CIT-IDRMYR','EZFX','MYR','IDR',0.0000,0.0000,'24-11-2014','09:14:37','1'),(NULL,'241114-MAY-JPYMYR','EZFX','MYR','JPY',0.0285,0.0286,'24-11-2014','08:23:23','1'),(NULL,'241114-CIT-JPYMYR','EZFX','MYR','JPY',0.0284,0.0284,'24-11-2014','08:40:35','1'),(NULL,'241114-MAY-NZDMYR','EZFX','MYR','NZD',2.6504,2.6567,'24-11-2014','08:23:22','1'),(NULL,'241114-CIT-NZDMYR','EZFX','MYR','NZD',0.0000,0.0000,'24-11-2014','09:14:37','1'),(NULL,'241114-MAY-PHPMYR','EZFX','MYR','PHP',0.0743,0.0748,'24-11-2014','05:00:16','1'),(NULL,'241114-CIT-PHPMYR','EZFX','MYR','PHP',0.0000,0.0000,'24-11-2014','09:14:37','1'),(NULL,'241114-MAY-SGDMYR','EZFX','MYR','SGD',2.5835,2.5894,'24-11-2014','08:23:22','1'),(NULL,'241114-CIT-SGDMYR','EZFX','MYR','SGD',2.5708,2.5743,'24-11-2014','09:14:16','1'),(NULL,'241114-MAY-THBMYR','EZFX','MYR','THB',0.1004,0.1046,'24-11-2014','08:43:15','1'),(NULL,'241114-CIT-THBMYR','EZFX','MYR','THB',0.0000,0.0000,'24-11-2014','09:14:37','1'),(NULL,'241114-MAY-USDJPY','EZFX','JPY','USD',0.0000,0.0000,'24-11-2014','09:14:37','1'),(NULL,'241114-CIT-USDJPY','EZFX','JPY','USD',117.6670,117.6760,'24-11-2014','08:40:35','1'),(NULL,'241114-MAY-USDMYR','EZFX','MYR','USD',3.3555,3.3615,'24-11-2014','05:00:20','1'),(NULL,'241114-CIT-USDMYR','EZFX','MYR','USD',3.3405,3.3435,'24-11-2014','09:11:34','1'),(NULL,'241114-MAY-USDSGD','EZFX','SGD','USD',0.0000,0.0000,'24-11-2014','09:14:37','1'),(NULL,'241114-CIT-USDSGD','EZFX','SGD','USD',1.2988,1.2994,'24-11-2014','09:14:16','1');
/*!40000 ALTER TABLE `ezfxrates` ENABLE KEYS */;
UNLOCK TABLES;

--
-- Table structure for table `rates`
--

DROP TABLE IF EXISTS `rates`;
/*!40101 SET @saved_cs_client     = @@character_set_client */;
/*!40101 SET character_set_client = utf8 */;
CREATE TABLE `rates` (
  `No` int(1) DEFAULT NULL,
  `ID` varchar(17) NOT NULL DEFAULT '',
  `URL` varchar(5) DEFAULT NULL,
  `BuyCCY` varchar(3) DEFAULT NULL,
  `SellCCY` varchar(3) DEFAULT NULL,
  `Bid` decimal(8,4) DEFAULT NULL,
  `Offer` decimal(8,4) DEFAULT NULL,
  `Date_p` varchar(10) DEFAULT NULL,
  `Time_p` varchar(8) DEFAULT NULL,
  `Unit` varchar(20) NOT NULL,
  `Inverse` varchar(1) NOT NULL
) ENGINE=InnoDB DEFAULT CHARSET=utf8;
/*!40101 SET character_set_client = @saved_cs_client */;

--
-- Dumping data for table `rates`
--

LOCK TABLES `rates` WRITE;
/*!40000 ALTER TABLE `rates` DISABLE KEYS */;
INSERT INTO `rates` VALUES (NULL,'041114-TRA-SARMYR','TRA','MYR','SAR',0.0000,87.3848,'04-11-2014','10:25:35','100',''),(NULL,'041114-TRA-GBPMYR','TRA','MYR','GBP',0.0000,5.3576,'04-11-2014','10:25:35','1',''),(NULL,'041114-TRA-PHPMYR','TRA','MYR','PHP',0.0000,7.9435,'04-11-2014','10:25:35','100',''),(NULL,'041114-TRA-CNYMYR','TRA','MYR','CNY',0.0000,54.3380,'04-11-2014','10:25:35','100',''),(NULL,'041114-TRA-VNDMYR','TRA','MYR','VND',0.0000,0.0180,'04-11-2014','10:25:36','100',''),(NULL,'041114-TRA-INRMYR','TRA','MYR','INR',0.0000,5.8510,'04-11-2014','10:25:35','100',''),(NULL,'041114-TRA-SGDMYR','TRA','MYR','SGD',0.0000,2.5375,'04-11-2014','10:25:35','1',''),(NULL,'041114-TRA-USDMYR','TRA','MYR','USD',0.0000,3.3256,'04-11-2014','10:25:36','1',''),(NULL,'041114-TRA-HKDMYR','TRA','MYR','HKD',0.0000,45.5620,'04-11-2014','10:25:35','100',''),(NULL,'041114-TRA-AUDMYR','TRA','MYR','AUD',0.0000,2.9236,'04-11-2014','10:25:34','1',''),(NULL,'041114-TRA-IDRMYR','TRA','MYR','IDR',0.0000,0.0283,'04-11-2014','10:25:35','100',''),(NULL,'041114-TRA-THBMYR','TRA','MYR','THB',0.0000,11.2278,'04-11-2014','10:25:35','100',''),(NULL,'041114-TRA-TWDMYR','TRA','MYR','TWD',0.0000,11.2142,'04-11-2014','10:25:35','100',''),(NULL,'041114-TRA-JPYMYR','TRA','MYR','JPY',0.0000,3.0643,'04-11-2014','10:25:35','100',''),(NULL,'041114-TRA-BNDMYR','TRA','MYR','BND',0.0000,2.6504,'04-11-2014','10:25:34','1',''),(NULL,'041114-TRA-EURMYR','TRA','MYR','EUR',0.0000,4.1724,'04-11-2014','10:25:35','1',''),(NULL,'061114-MMM-USDMYR','MMM','MYR','USD',3.3100,3.3300,'06-11-2014','07:33:00','1',''),(NULL,'061114-MMM-GBPMYR','MMM','MYR','GBP',5.3000,5.3700,'06-11-2014','10:16:00','1',''),(NULL,'061114-MMM-SGDMYR','MMM','MYR','SGD',2.5700,2.5900,'06-11-2014','10:16:00','1',''),(NULL,'061114-MMM-JPYMYR','MMM','MYR','JPY',29.3000,29.9500,'06-11-2014','03:03:00','1000',''),(NULL,'061114-MMM-HKDMYR','MMM','MYR','HKD',42.7000,43.4500,'06-11-2014','10:27:00','100',''),(NULL,'061114-MMM-AUDMYR','MMM','MYR','AUD',2.8800,2.9300,'06-11-2014','10:50:00','1',''),(NULL,'061114-MMM-THBMYR','MMM','MYR','THB',10.1700,10.3500,'06-11-2014','10:50:00','100',''),(NULL,'061114-MMM-IDRMYR','MMM','MYR','IDR',273.0000,279.0000,'06-11-2014','10:50:00','1M ',''),(NULL,'061114-MMM-INRMYR','MMM','MYR','INR',5.3500,5.5000,'06-11-2014','10:51:00','100',''),(NULL,'061114-MMM-VNDMYR','MMM','MYR','VND',152.0000,163.0000,'06-11-2014','10:53:00','1M',''),(NULL,'061114-MMM-PHPMYR','MMM','MYR','PHP',7.2500,7.4500,'06-11-2014','10:54:00','100',''),(NULL,'061114-MMM-NZDMYR','MMM','MYR','NZD',2.5900,2.6500,'06-11-2014','10:55:00','1',''),(NULL,'061114-MMM-CNYMYR','MMM','MYR','CNY',54.1000,54.7500,'06-11-2014','10:56:00','100',''),(NULL,'061114-MMM-TWDMYR','MMM','MYR','TWD',11.1500,11.2700,'06-11-2014','10:56:00','100',''),(NULL,'061114-MMM-CHFMYR','MMM','MYR','CHF',3.4400,3.5100,'06-11-2014','10:57:00','1',''),(NULL,'061114-MMM-CADMYR','MMM','MYR','CAD',2.9100,2.9700,'06-11-2014','10:58:00','1',''),(NULL,'061114-MMM-KRWMYR','MMM','MYR','KRW',3.1400,3.1800,'06-11-2014','11:00:00','1000',''),(NULL,'061114-MMM-SARMYR','MMM','MYR','SAR',86.5000,88.8000,'06-11-2014','11:02:00','100',''),(NULL,'061114-MMM-EURMYR','MMM','MYR','EUR',4.1400,4.2000,'06-11-2014','07:11:00','1',''),(NULL,'061114-MMM-AEDMYR','MMM','MYR','AED',89.0000,90.5000,'06-11-2014','11:04:00','100',''),(NULL,'061114-MMM-QARMYR','MMM','MYR','QAR',89.2000,90.7000,'06-11-2014','11:06:00','100',''),(NULL,'061114-MMM-SEKMYR','MMM','MYR','SEK',0.4500,0.5100,'06-11-2014','11:07:00','1',''),(NULL,'061114-MMM-LKRMYR','MMM','MYR','LKR',2.4000,2.7000,'06-11-2014','11:07:00','100',''),(NULL,'061114-MMM-NOKMYR','MMM','MYR','NOK',0.4800,0.5500,'06-11-2014','11:08:00','1',''),(NULL,'061114-MMM-DKKMYR','MMM','MYR','DKK',0.5400,0.6150,'06-11-2014','11:09:00','1',''),(NULL,'061114-MMM-ZARMYR','MMM','MYR','ZAR',27.0000,31.5000,'06-11-2014','11:11:00','100',''),(NULL,'061114-MMM-KWDMYR','MMM','MYR','KWD',10.5000,11.5000,'06-11-2014','11:12:00','1',''),(NULL,'061114-MMM-MOPMYR','MMM','MYR','MOP',40.0000,43.0000,'06-11-2014','11:15:00','100',''),(NULL,'061114-MMM-TURMYR','MMM','MYR','TUR',1.4500,1.6400,'06-11-2014','11:15:00','1',''),(NULL,'061114-MMM-JODMYR','MMM','MYR','JOD',4.3000,4.8000,'06-11-2014','11:16:00','1',''),(NULL,'101114-MUS-AUDMYR','MUS','MYR','AUD',0.0000,0.3426,'10-11-2014','13:30:30','1','Y'),(NULL,'101114-MUS-CNYMYR','MUS','MYR','CNY',0.0000,1.8285,'10-11-2014','13:30:30','1','Y'),(NULL,'101114-MUS-HKDMYR','MUS','MYR','HKD',0.0000,2.3152,'10-11-2014','13:30:30','1','Y'),(NULL,'101114-MUS-INRMYR','MUS','MYR','INR',0.0000,18.0888,'10-11-2014','13:30:30','1','Y'),(NULL,'101114-MUS-IDRMYR','MUS','MYR','IDR',0.0000,3590.7674,'10-11-2014','13:30:30','1','Y'),(NULL,'101114-MUS-JPYMYR','MUS','MYR','JPY',0.0000,33.8374,'10-11-2014','13:30:30','1','Y'),(NULL,'101114-MUS-NZDMYR','MUS','MYR','NZD',0.0000,0.3803,'10-11-2014','13:30:30','1','Y'),(NULL,'101114-MUS-PKRMYR','MUS','MYR','PKR',0.0000,30.2422,'10-11-2014','13:30:30','1','Y'),(NULL,'101114-MUS-PHPMYR','MUS','MYR','PHP',0.0000,13.2568,'10-11-2014','13:30:30','1','Y'),(NULL,'101114-MUS-SGDMYR','MUS','MYR','SGD',0.0000,0.3871,'10-11-2014','13:30:30','1','Y'),(NULL,'101114-MUS-KRWMYR','MUS','MYR','KRW',0.0000,317.2951,'10-11-2014','13:30:30','1','Y'),(NULL,'101114-MUS-LKRMYR','MUS','MYR','LKR',0.0000,37.2212,'10-11-2014','13:30:30','1','Y'),(NULL,'101114-MUS-TWDMYR','MUS','MYR','TWD',0.0000,8.9194,'10-11-2014','13:30:30','1','Y'),(NULL,'101114-MUS-THBMYR','MUS','MYR','THB',0.0000,9.6775,'10-11-2014','13:30:30','1','Y'),(NULL,'101114-MUS-USDMYR','MUS','MYR','USD',0.0000,0.2994,'10-11-2014','13:30:30','1','Y'),(NULL,'101114-MUS-CADMYR','MUS','MYR','CAD',0.0000,0.3369,'10-11-2014','13:30:30','1','Y'),(NULL,'101114-MUS-GBPMYR','MUS','MYR','GBP',0.0000,0.1876,'10-11-2014','13:30:30','1','Y'),(NULL,'101114-MUS-DKKMYR','MUS','MYR','DKK',0.0000,1.7437,'10-11-2014','13:30:30','1','Y'),(NULL,'101114-MUS-EURMYR','MUS','MYR','EUR',0.0000,0.2390,'10-11-2014','13:30:30','1','Y'),(NULL,'101114-MUS-NOKMYR','MUS','MYR','NOK',0.0000,1.9750,'10-11-2014','13:30:30','1','Y'),(NULL,'101114-MUS-CHFMYR','MUS','MYR','CHF',0.0000,0.2874,'10-11-2014','13:30:30','1','Y'),(NULL,'101114-MUS-BHDMYR','MUS','MYR','BHD',0.0000,0.1119,'10-11-2014','13:30:30','1','Y'),(NULL,'101114-MUS-EGPMYR','MUS','MYR','EGP',0.0000,2.1269,'10-11-2014','13:30:30','1','Y'),(NULL,'101114-MUS-JODMYR','MUS','MYR','JOD',0.0000,0.2081,'10-11-2014','13:30:30','1','Y'),(NULL,'101114-MUS-QARMYR','MUS','MYR','QAR',0.0000,1.0843,'10-11-2014','13:30:30','1','Y'),(NULL,'101114-MUS-KWDMYR','MUS','MYR','KWD',0.0000,0.0874,'10-11-2014','13:30:30','1','Y'),(NULL,'101114-MUS-MURMYR','MUS','MYR','MUR',0.0000,9.3277,'10-11-2014','13:30:30','1','Y'),(NULL,'101114-MUS-OMRMYR','MUS','MYR','OMR',0.0000,0.1149,'10-11-2014','13:30:30','1','Y'),(NULL,'101114-MUS-SARMYR','MUS','MYR','SAR',0.0000,1.1060,'10-11-2014','13:30:30','1','Y'),(NULL,'101114-MUS-ZARMYR','MUS','MYR','ZAR',0.0000,3.1730,'10-11-2014','13:30:30','1','Y'),(NULL,'101114-MUS-UAEMYR','MUS','MYR','UAE',0.0000,1.0843,'10-11-2014','13:30:30','1','Y'),(NULL,'101114-TRA-SARMYR','TRA','MYR','SAR',0.0000,88.4093,'10-11-2014','09:25:36','100',''),(NULL,'101114-TRA-GBPMYR','TRA','MYR','GBP',0.0000,5.3180,'10-11-2014','09:25:35','1',''),(NULL,'101114-TRA-PHPMYR','TRA','MYR','PHP',0.0000,8.2660,'10-11-2014','09:25:36','100',''),(NULL,'101114-TRA-CNYMYR','TRA','MYR','CNY',0.0000,55.1180,'10-11-2014','09:25:35','100',''),(NULL,'101114-TRA-VNDMYR','TRA','MYR','VND',0.0000,0.0177,'10-11-2014','09:25:37','100',''),(NULL,'101114-TRA-INRMYR','TRA','MYR','INR',0.0000,5.4163,'10-11-2014','09:27:18','100',''),(NULL,'101114-TRA-SGDMYR','TRA','MYR','SGD',0.0000,2.6132,'10-11-2014','09:25:37','1',''),(NULL,'101114-TRA-USDMYR','TRA','MYR','USD',0.0000,3.3688,'10-11-2014','09:25:37','1',''),(NULL,'101114-TRA-HKDMYR','TRA','MYR','HKD',0.0000,46.3563,'10-11-2014','09:25:35','100',''),(NULL,'101114-TRA-AUDMYR','TRA','MYR','AUD',0.0000,2.9258,'10-11-2014','09:25:34','1',''),(NULL,'101114-TRA-IDRMYR','TRA','MYR','IDR',0.0000,0.0285,'10-11-2014','09:25:35','100',''),(NULL,'101114-TRA-THBMYR','TRA','MYR','THB',0.0000,11.3052,'10-11-2014','09:25:37','100',''),(NULL,'101114-TRA-TWDMYR','TRA','MYR','TWD',0.0000,11.3865,'10-11-2014','09:25:37','100',''),(NULL,'101114-TRA-JPYMYR','TRA','MYR','JPY',0.0000,3.0124,'10-11-2014','09:25:36','100',''),(NULL,'101114-TRA-BNDMYR','TRA','MYR','BND',0.0000,2.6643,'10-11-2014','09:25:35','1',''),(NULL,'101114-TRA-EURMYR','TRA','MYR','EUR',0.0000,4.1581,'10-11-2014','09:25:35','1',''),(NULL,'111114-TRA-SARMYR','TRA','MYR','SAR',0.0000,88.2084,'11-11-2014','09:41:36','100',''),(NULL,'111114-TRA-GBPMYR','TRA','MYR','GBP',0.0000,5.3780,'11-11-2014','09:41:35','1',''),(NULL,'111114-TRA-PHPMYR','TRA','MYR','PHP',0.0000,8.2875,'11-11-2014','09:41:36','100',''),(NULL,'111114-TRA-CNYMYR','TRA','MYR','CNY',0.0000,55.0471,'11-11-2014','09:41:35','100',''),(NULL,'111114-TRA-VNDMYR','TRA','MYR','VND',0.0000,0.0180,'11-11-2014','09:41:36','100',''),(NULL,'111114-TRA-INRMYR','TRA','MYR','INR',0.0000,5.9847,'11-11-2014','09:48:11','100',''),(NULL,'111114-TRA-SGDMYR','TRA','MYR','SGD',0.0000,2.6120,'11-11-2014','09:41:36','1',''),(NULL,'111114-TRA-USDMYR','TRA','MYR','USD',0.0000,3.3612,'11-11-2014','09:41:36','1',''),(NULL,'111114-TRA-HKDMYR','TRA','MYR','HKD',0.0000,46.3133,'11-11-2014','09:41:35','100',''),(NULL,'111114-TRA-AUDMYR','TRA','MYR','AUD',0.0000,2.9356,'11-11-2014','09:41:35','1',''),(NULL,'111114-TRA-IDRMYR','TRA','MYR','IDR',0.0000,0.0285,'11-11-2014','09:41:35','100',''),(NULL,'111114-TRA-THBMYR','TRA','MYR','THB',0.0000,11.2942,'11-11-2014','09:41:36','100',''),(NULL,'111114-TRA-TWDMYR','TRA','MYR','TWD',0.0000,11.3561,'11-11-2014','09:41:36','100',''),(NULL,'111114-TRA-JPYMYR','TRA','MYR','JPY',0.0000,3.0331,'11-11-2014','09:41:35','100',''),(NULL,'111114-TRA-BNDMYR','TRA','MYR','BND',0.0000,2.6652,'11-11-2014','09:41:35','1',''),(NULL,'111114-TRA-EURMYR','TRA','MYR','EUR',0.0000,4.1946,'11-11-2014','09:41:35','1',''),(NULL,'121114-TRA-SARMYR','TRA','MYR','SAR',0.0000,88.3892,'12-11-2014','09:56:37','100',''),(NULL,'121114-TRA-GBPMYR','TRA','MYR','GBP',0.0000,5.3780,'12-11-2014','09:56:36','1',''),(NULL,'121114-TRA-PHPMYR','TRA','MYR','PHP',0.0000,8.2875,'12-11-2014','09:56:37','100',''),(NULL,'121114-TRA-CNYMYR','TRA','MYR','CNY',0.0000,55.0775,'12-11-2014','09:56:36','100',''),(NULL,'121114-TRA-VNDMYR','TRA','MYR','VND',0.0000,0.0180,'12-11-2014','09:56:37','100',''),(NULL,'121114-TRA-INRMYR','TRA','MYR','INR',0.0000,6.2522,'12-11-2014','10:24:31','100',''),(NULL,'121114-TRA-SGDMYR','TRA','MYR','SGD',0.0000,2.6180,'12-11-2014','09:56:37','1',''),(NULL,'121114-TRA-USDMYR','TRA','MYR','USD',0.0000,3.3661,'12-11-2014','09:56:37','1',''),(NULL,'121114-TRA-HKDMYR','TRA','MYR','HKD',0.0000,46.3133,'12-11-2014','09:56:36','100',''),(NULL,'121114-TRA-AUDMYR','TRA','MYR','AUD',0.0000,2.9357,'12-11-2014','09:56:36','1',''),(NULL,'121114-TRA-IDRMYR','TRA','MYR','IDR',0.0000,0.0285,'12-11-2014','09:56:36','100',''),(NULL,'121114-TRA-THBMYR','TRA','MYR','THB',0.0000,11.2942,'12-11-2014','09:56:37','100',''),(NULL,'121114-TRA-TWDMYR','TRA','MYR','TWD',0.0000,11.3561,'12-11-2014','09:56:37','100',''),(NULL,'121114-TRA-JPYMYR','TRA','MYR','JPY',0.0000,3.0331,'12-11-2014','09:56:36','100',''),(NULL,'121114-TRA-BNDMYR','TRA','MYR','BND',0.0000,2.6697,'12-11-2014','09:56:36','1',''),(NULL,'121114-TRA-EURMYR','TRA','MYR','EUR',0.0000,4.2081,'12-11-2014','09:56:36','1',''),(NULL,'121114-MMM-USDMYR','MMM','MYR','USD',3.3250,3.3450,'12-11-2014','10:07:00','1',''),(NULL,'121114-MMM-GBPMYR','MMM','MYR','GBP',5.3000,5.3750,'12-11-2014','10:15:00','1',''),(NULL,'121114-MMM-SGDMYR','MMM','MYR','SGD',2.5750,2.5950,'12-11-2014','10:16:00','1',''),(NULL,'121114-MMM-JPYMYR','MMM','MYR','JPY',29.1000,29.7000,'12-11-2014','10:18:00','1000',''),(NULL,'121114-MMM-HKDMYR','MMM','MYR','HKD',42.8000,43.5000,'12-11-2014','01:09:00','100',''),(NULL,'121114-MMM-AUDMYR','MMM','MYR','AUD',2.8900,2.9400,'12-11-2014','10:20:00','1',''),(NULL,'121114-MMM-THBMYR','MMM','MYR','THB',10.1500,10.3500,'12-11-2014','10:25:00','100',''),(NULL,'121114-MMM-IDRMYR','MMM','MYR','IDR',274.0000,279.0000,'12-11-2014','10:36:00','1M ',''),(NULL,'121114-MMM-INRMYR','MMM','MYR','INR',5.3000,5.5000,'12-11-2014','10:37:00','100',''),(NULL,'121114-MMM-VNDMYR','MMM','MYR','VND',152.0000,163.0000,'12-11-2014','10:37:00','1M',''),(NULL,'121114-MMM-PHPMYR','MMM','MYR','PHP',7.2500,7.4700,'12-11-2014','11:56:00','100',''),(NULL,'121114-MMM-NZDMYR','MMM','MYR','NZD',2.5700,2.6450,'12-11-2014','10:43:00','1',''),(NULL,'121114-MMM-CNYMYR','MMM','MYR','CNY',54.3000,54.8000,'12-11-2014','10:48:00','100',''),(NULL,'121114-MMM-TWDMYR','MMM','MYR','TWD',11.2000,11.3300,'12-11-2014','10:48:00','100',''),(NULL,'121114-MMM-CHFMYR','MMM','MYR','CHF',3.4100,3.5000,'12-11-2014','10:50:00','1',''),(NULL,'121114-MMM-CADMYR','MMM','MYR','CAD',2.9000,2.9700,'12-11-2014','10:51:00','1',''),(NULL,'121114-MMM-KRWMYR','MMM','MYR','KRW',3.1000,3.1600,'12-11-2014','10:51:00','1000',''),(NULL,'121114-MMM-SARMYR','MMM','MYR','SAR',87.0000,89.0000,'12-11-2014','10:53:00','100',''),(NULL,'121114-MMM-EURMYR','MMM','MYR','EUR',4.1350,4.2000,'12-11-2014','10:54:00','1',''),(NULL,'121114-MMM-AEDMYR','MMM','MYR','AED',89.4000,91.0000,'12-11-2014','10:55:00','100',''),(NULL,'121114-MMM-QARMYR','MMM','MYR','QAR',89.5000,91.2000,'12-11-2014','10:56:00','100',''),(NULL,'121114-MMM-SEKMYR','MMM','MYR','SEK',0.4500,0.5100,'12-11-2014','10:57:00','1',''),(NULL,'121114-MMM-LKRMYR','MMM','MYR','LKR',2.4000,2.7000,'12-11-2014','10:57:00','100',''),(NULL,'121114-MMM-NOKMYR','MMM','MYR','NOK',0.4800,0.5500,'12-11-2014','11:02:00','1',''),(NULL,'121114-MMM-DKKMYR','MMM','MYR','DKK',0.5400,0.6150,'12-11-2014','11:05:00','1',''),(NULL,'121114-MMM-ZARMYR','MMM','MYR','ZAR',27.0000,31.5000,'12-11-2014','11:05:00','100',''),(NULL,'121114-MMM-KWDMYR','MMM','MYR','KWD',10.5000,11.5000,'12-11-2014','11:06:00','1',''),(NULL,'121114-MMM-MOPMYR','MMM','MYR','MOP',40.0000,43.2000,'12-11-2014','11:07:00','100',''),(NULL,'121114-MMM-TURMYR','MMM','MYR','TUR',1.4500,1.6400,'12-11-2014','11:07:00','1',''),(NULL,'121114-MMM-JODMYR','MMM','MYR','JOD',4.3000,4.8000,'12-11-2014','11:08:00','1',''),(NULL,'131114-TRA-SARMYR','TRA','MYR','SAR',0.0000,88.4896,'13-11-2014','10:33:36','100',''),(NULL,'131114-TRA-GBPMYR','TRA','MYR','GBP',0.0000,5.3968,'13-11-2014','10:33:36','1',''),(NULL,'131114-TRA-PHPMYR','TRA','MYR','PHP',0.0000,8.2767,'13-11-2014','10:33:36','100',''),(NULL,'131114-TRA-CNYMYR','TRA','MYR','CNY',0.0000,55.0471,'13-11-2014','10:33:36','100',''),(NULL,'131114-TRA-VNDMYR','TRA','MYR','VND',0.0000,0.0181,'13-11-2014','10:33:36','100',''),(NULL,'131114-TRA-INRMYR','TRA','MYR','INR',0.0000,5.9958,'13-11-2014','10:35:21','100',''),(NULL,'131114-TRA-SGDMYR','TRA','MYR','SGD',0.0000,2.6186,'13-11-2014','10:33:36','1',''),(NULL,'131114-TRA-USDMYR','TRA','MYR','USD',0.0000,3.3692,'13-11-2014','10:33:36','1',''),(NULL,'131114-TRA-HKDMYR','TRA','MYR','HKD',0.0000,46.3455,'13-11-2014','10:33:36','100',''),(NULL,'131114-TRA-AUDMYR','TRA','MYR','AUD',0.0000,2.9495,'13-11-2014','10:33:35','1',''),(NULL,'131114-TRA-IDRMYR','TRA','MYR','IDR',0.0000,0.0285,'13-11-2014','10:33:36','100',''),(NULL,'131114-TRA-THBMYR','TRA','MYR','THB',0.0000,11.2942,'13-11-2014','10:33:36','100',''),(NULL,'131114-TRA-TWDMYR','TRA','MYR','TWD',0.0000,11.3865,'13-11-2014','10:33:36','100',''),(NULL,'131114-TRA-JPYMYR','TRA','MYR','JPY',0.0000,3.0124,'13-11-2014','10:33:36','100',''),(NULL,'131114-TRA-BNDMYR','TRA','MYR','BND',0.0000,2.6679,'13-11-2014','10:33:35','1',''),(NULL,'131114-TRA-EURMYR','TRA','MYR','EUR',0.0000,4.2022,'13-11-2014','10:33:36','1',''),(NULL,'131114-MUS-AUDMYR','MUS','MYR','AUD',0.0000,0.3395,'13-11-2014','11:37:53','1','Y'),(NULL,'131114-MUS-CNYMYR','MUS','MYR','CNY',0.0000,1.8219,'13-11-2014','11:37:53','1','Y'),(NULL,'131114-MUS-HKDMYR','MUS','MYR','HKD',0.0000,2.2986,'13-11-2014','11:37:53','1','Y'),(NULL,'131114-MUS-INRMYR','MUS','MYR','INR',0.0000,18.0234,'13-11-2014','11:37:53','1','Y'),(NULL,'131114-MUS-IDRMYR','MUS','MYR','IDR',0.0000,3584.5725,'13-11-2014','11:37:53','1','Y'),(NULL,'131114-MUS-JPYMYR','MUS','MYR','JPY',0.0000,34.0724,'13-11-2014','11:37:53','1','Y'),(NULL,'131114-MUS-NZDMYR','MUS','MYR','NZD',0.0000,0.3745,'13-11-2014','11:37:53','1','Y'),(NULL,'131114-MUS-PKRMYR','MUS','MYR','PKR',0.0000,30.1328,'13-11-2014','11:37:53','1','Y'),(NULL,'131114-MUS-PHPMYR','MUS','MYR','PHP',0.0000,13.1638,'13-11-2014','11:37:53','1','Y'),(NULL,'131114-MUS-SGDMYR','MUS','MYR','SGD',0.0000,0.3857,'13-11-2014','11:37:53','1','Y'),(NULL,'131114-MUS-KRWMYR','MUS','MYR','KRW',0.0000,319.5526,'13-11-2014','11:37:53','1','Y'),(NULL,'131114-MUS-LKRMYR','MUS','MYR','LKR',0.0000,36.7333,'13-11-2014','11:37:53','1','Y'),(NULL,'131114-MUS-TWDMYR','MUS','MYR','TWD',0.0000,8.8667,'13-11-2014','11:37:53','1','Y'),(NULL,'131114-MUS-THBMYR','MUS','MYR','THB',0.0000,9.6425,'13-11-2014','11:37:53','1','Y'),(NULL,'131114-MUS-USDMYR','MUS','MYR','USD',0.0000,0.2974,'13-11-2014','11:37:53','1','Y'),(NULL,'131114-MUS-CADMYR','MUS','MYR','CAD',0.0000,0.3351,'13-11-2014','11:37:53','1','Y'),(NULL,'131114-MUS-GBPMYR','MUS','MYR','GBP',0.0000,0.1881,'13-11-2014','11:37:53','1','Y'),(NULL,'131114-MUS-DKKMYR','MUS','MYR','DKK',0.0000,1.7374,'13-11-2014','11:37:53','1','Y'),(NULL,'131114-MUS-EURMYR','MUS','MYR','EUR',0.0000,0.2382,'13-11-2014','11:37:53','1','Y'),(NULL,'131114-MUS-NOKMYR','MUS','MYR','NOK',0.0000,1.9679,'13-11-2014','11:37:53','1','Y'),(NULL,'131114-MUS-CHFMYR','MUS','MYR','CHF',0.0000,0.2861,'13-11-2014','11:37:53','1','Y'),(NULL,'131114-MUS-BHDMYR','MUS','MYR','BHD',0.0000,0.1112,'13-11-2014','11:37:53','1','Y'),(NULL,'131114-MUS-EGPMYR','MUS','MYR','EGP',0.0000,2.1077,'13-11-2014','11:37:53','1','Y'),(NULL,'131114-MUS-JODMYR','MUS','MYR','JOD',0.0000,0.2063,'13-11-2014','11:37:53','1','Y'),(NULL,'131114-MUS-QARMYR','MUS','MYR','QAR',0.0000,1.0774,'13-11-2014','11:37:53','1','Y'),(NULL,'131114-MUS-KWDMYR','MUS','MYR','KWD',0.0000,0.0869,'13-11-2014','11:37:53','1','Y'),(NULL,'131114-MUS-MURMYR','MUS','MYR','MUR',0.0000,9.2494,'13-11-2014','11:37:53','1','Y'),(NULL,'131114-MUS-OMRMYR','MUS','MYR','OMR',0.0000,0.1141,'13-11-2014','11:37:53','1','Y'),(NULL,'131114-MUS-SARMYR','MUS','MYR','SAR',0.0000,1.0989,'13-11-2014','11:37:53','1','Y'),(NULL,'131114-MUS-ZARMYR','MUS','MYR','ZAR',0.0000,3.1615,'13-11-2014','11:37:53','1','Y'),(NULL,'131114-MUS-UAEMYR','MUS','MYR','UAE',0.0000,1.0774,'13-11-2014','11:37:53','1','Y'),(NULL,'131114-MMM-USDMYR','MMM','MYR','USD',3.3150,3.3350,'13-11-2014','10:08:00','1',''),(NULL,'131114-MMM-GBPMYR','MMM','MYR','GBP',5.2600,5.3500,'13-11-2014','10:16:00','1',''),(NULL,'131114-MMM-SGDMYR','MMM','MYR','SGD',2.5750,2.5950,'13-11-2014','10:20:00','1',''),(NULL,'131114-MMM-JPYMYR','MMM','MYR','JPY',29.1000,29.6000,'13-11-2014','01:12:00','1000',''),(NULL,'131114-MMM-HKDMYR','MMM','MYR','HKD',42.8000,43.5000,'13-11-2014','10:29:00','100',''),(NULL,'131114-MMM-AUDMYR','MMM','MYR','AUD',2.8900,2.9500,'13-11-2014','10:34:00','1',''),(NULL,'131114-MMM-THBMYR','MMM','MYR','THB',10.1500,10.3500,'13-11-2014','10:40:00','100',''),(NULL,'131114-MMM-IDRMYR','MMM','MYR','IDR',274.0000,279.0000,'13-11-2014','11:38:00','1M ',''),(NULL,'131114-MMM-INRMYR','MMM','MYR','INR',5.3000,5.5000,'13-11-2014','10:46:00','100',''),(NULL,'131114-MMM-VNDMYR','MMM','MYR','VND',152.0000,163.0000,'13-11-2014','10:47:00','1M',''),(NULL,'131114-MMM-PHPMYR','MMM','MYR','PHP',7.2500,7.4600,'13-11-2014','10:49:00','100',''),(NULL,'131114-MMM-NZDMYR','MMM','MYR','NZD',2.5800,2.6550,'13-11-2014','01:13:00','1',''),(NULL,'131114-MMM-CNYMYR','MMM','MYR','CNY',54.3000,54.8000,'13-11-2014','10:59:00','100',''),(NULL,'131114-MMM-TWDMYR','MMM','MYR','TWD',11.2000,11.3300,'13-11-2014','11:02:00','100',''),(NULL,'131114-MMM-CHFMYR','MMM','MYR','CHF',3.4100,3.5100,'13-11-2014','11:08:00','1',''),(NULL,'131114-MMM-CADMYR','MMM','MYR','CAD',2.9000,2.9450,'13-11-2014','11:09:00','1',''),(NULL,'131114-MMM-KRWMYR','MMM','MYR','KRW',3.0900,3.1550,'13-11-2014','11:11:00','1000',''),(NULL,'131114-MMM-SARMYR','MMM','MYR','SAR',86.8000,89.8000,'13-11-2014','11:12:00','100',''),(NULL,'131114-MMM-EURMYR','MMM','MYR','EUR',4.1300,4.2000,'13-11-2014','11:12:00','1',''),(NULL,'131114-MMM-AEDMYR','MMM','MYR','AED',89.4000,91.0000,'13-11-2014','11:14:00','100',''),(NULL,'131114-MMM-QARMYR','MMM','MYR','QAR',89.2000,91.2000,'13-11-2014','11:15:00','100',''),(NULL,'131114-MMM-SEKMYR','MMM','MYR','SEK',0.4300,0.4950,'13-11-2014','01:00:00','1',''),(NULL,'131114-MMM-LKRMYR','MMM','MYR','LKR',2.4000,2.7000,'13-11-2014','11:16:00','100',''),(NULL,'131114-MMM-NOKMYR','MMM','MYR','NOK',0.4800,0.5500,'13-11-2014','11:17:00','1',''),(NULL,'131114-MMM-DKKMYR','MMM','MYR','DKK',0.5400,0.6150,'13-11-2014','11:17:00','1',''),(NULL,'131114-MMM-ZARMYR','MMM','MYR','ZAR',27.0000,31.5000,'13-11-2014','11:17:00','100',''),(NULL,'131114-MMM-KWDMYR','MMM','MYR','KWD',10.5000,11.5000,'13-11-2014','11:19:00','1',''),(NULL,'131114-MMM-MOPMYR','MMM','MYR','MOP',40.0000,43.2000,'13-11-2014','11:22:00','100',''),(NULL,'131114-MMM-TURMYR','MMM','MYR','TUR',1.4500,1.6400,'13-11-2014','11:23:00','1',''),(NULL,'131114-MMM-JODMYR','MMM','MYR','JOD',4.3000,4.8000,'13-11-2014','11:23:00','1',''),(NULL,'141114-MUS-AUDMYR','MUS','MYR','AUD',0.0000,0.3388,'14-11-2014','09:03:13','1','Y'),(NULL,'141114-MUS-CNYMYR','MUS','MYR','CNY',0.0000,1.8236,'14-11-2014','09:03:13','1','Y'),(NULL,'141114-MUS-HKDMYR','MUS','MYR','HKD',0.0000,2.2933,'14-11-2014','09:03:13','1','Y'),(NULL,'141114-MUS-INRMYR','MUS','MYR','INR',0.0000,18.0140,'14-11-2014','09:03:13','1','Y'),(NULL,'141114-MUS-IDRMYR','MUS','MYR','IDR',0.0000,3576.0668,'14-11-2014','09:03:13','1','Y'),(NULL,'141114-MUS-JPYMYR','MUS','MYR','JPY',0.0000,34.0849,'14-11-2014','09:03:13','1','Y'),(NULL,'141114-MUS-NZDMYR','MUS','MYR','NZD',0.0000,0.3739,'14-11-2014','09:03:13','1','Y'),(NULL,'141114-MUS-PKRMYR','MUS','MYR','PKR',0.0000,30.1172,'14-11-2014','09:03:13','1','Y'),(NULL,'141114-MUS-PHPMYR','MUS','MYR','PHP',0.0000,13.1122,'14-11-2014','09:03:13','1','Y'),(NULL,'141114-MUS-SGDMYR','MUS','MYR','SGD',0.0000,0.3855,'14-11-2014','09:03:13','1','Y'),(NULL,'141114-MUS-KRWMYR','MUS','MYR','KRW',0.0000,319.6517,'14-11-2014','09:03:13','1','Y'),(NULL,'141114-MUS-LKRMYR','MUS','MYR','LKR',0.0000,36.7143,'14-11-2014','09:03:13','1','Y'),(NULL,'141114-MUS-TWDMYR','MUS','MYR','TWD',0.0000,8.8417,'14-11-2014','09:03:13','1','Y'),(NULL,'141114-MUS-THBMYR','MUS','MYR','THB',0.0000,9.6375,'14-11-2014','09:03:13','1','Y'),(NULL,'141114-MUS-USDMYR','MUS','MYR','USD',0.0000,0.2968,'14-11-2014','09:03:13','1','Y'),(NULL,'141114-MUS-CADMYR','MUS','MYR','CAD',0.0000,0.3361,'14-11-2014','09:03:13','1','Y'),(NULL,'141114-MUS-GBPMYR','MUS','MYR','GBP',0.0000,0.1886,'14-11-2014','09:03:13','1','Y'),(NULL,'141114-MUS-DKKMYR','MUS','MYR','DKK',0.0000,1.7287,'14-11-2014','09:03:13','1','Y'),(NULL,'141114-MUS-EURMYR','MUS','MYR','EUR',0.0000,0.2372,'14-11-2014','09:03:13','1','Y'),(NULL,'141114-MUS-NOKMYR','MUS','MYR','NOK',0.0000,1.9668,'14-11-2014','09:03:13','1','Y'),(NULL,'141114-MUS-CHFMYR','MUS','MYR','CHF',0.0000,0.2849,'14-11-2014','09:03:13','1','Y'),(NULL,'141114-MUS-BHDMYR','MUS','MYR','BHD',0.0000,0.1108,'14-11-2014','09:03:13','1','Y'),(NULL,'141114-MUS-EGPMYR','MUS','MYR','EGP',0.0000,2.1066,'14-11-2014','09:03:13','1','Y'),(NULL,'141114-MUS-JODMYR','MUS','MYR','JOD',0.0000,0.2061,'14-11-2014','09:03:13','1','Y'),(NULL,'141114-MUS-QARMYR','MUS','MYR','QAR',0.0000,1.0738,'14-11-2014','09:03:13','1','Y'),(NULL,'141114-MUS-KWDMYR','MUS','MYR','KWD',0.0000,0.0866,'14-11-2014','09:03:13','1','Y'),(NULL,'141114-MUS-MURMYR','MUS','MYR','MUR',0.0000,9.2446,'14-11-2014','09:03:13','1','Y'),(NULL,'141114-MUS-OMRMYR','MUS','MYR','OMR',0.0000,0.1141,'14-11-2014','09:03:13','1','Y'),(NULL,'141114-MUS-SARMYR','MUS','MYR','SAR',0.0000,1.0983,'14-11-2014','09:03:13','1','Y'),(NULL,'141114-MUS-ZARMYR','MUS','MYR','ZAR',0.0000,3.1598,'14-11-2014','09:03:13','1','Y'),(NULL,'141114-MUS-UAEMYR','MUS','MYR','UAE',0.0000,1.0768,'14-11-2014','09:03:13','1','Y'),(NULL,'141114-TRA-SARMYR','TRA','MYR','SAR',0.0000,88.2285,'14-11-2014','09:30:39','100',''),(NULL,'141114-TRA-GBPMYR','TRA','MYR','GBP',0.0000,5.3968,'14-11-2014','09:30:38','1',''),(NULL,'141114-TRA-PHPMYR','TRA','MYR','PHP',0.0000,8.2982,'14-11-2014','09:30:39','100',''),(NULL,'141114-TRA-CNYMYR','TRA','MYR','CNY',0.0000,55.0775,'14-11-2014','09:30:38','100',''),(NULL,'141114-TRA-VNDMYR','TRA','MYR','VND',0.0000,0.0181,'14-11-2014','09:30:39','100',''),(NULL,'141114-TRA-INRMYR','TRA','MYR','INR',0.0000,6.0627,'14-11-2014','09:30:38','100',''),(NULL,'141114-TRA-SGDMYR','TRA','MYR','SGD',0.0000,2.6170,'14-11-2014','09:30:39','1',''),(NULL,'141114-TRA-USDMYR','TRA','MYR','USD',0.0000,3.3698,'14-11-2014','09:30:39','1',''),(NULL,'141114-TRA-HKDMYR','TRA','MYR','HKD',0.0000,46.2704,'14-11-2014','09:30:38','100',''),(NULL,'141114-TRA-AUDMYR','TRA','MYR','AUD',0.0000,2.9526,'14-11-2014','09:30:38','1',''),(NULL,'141114-TRA-IDRMYR','TRA','MYR','IDR',0.0000,0.0285,'14-11-2014','09:30:38','100',''),(NULL,'141114-TRA-THBMYR','TRA','MYR','THB',0.0000,11.2942,'14-11-2014','09:30:39','100',''),(NULL,'141114-TRA-TWDMYR','TRA','MYR','TWD',0.0000,11.3663,'14-11-2014','09:30:39','100',''),(NULL,'141114-TRA-JPYMYR','TRA','MYR','JPY',0.0000,3.0020,'14-11-2014','09:30:38','100',''),(NULL,'141114-TRA-BNDMYR','TRA','MYR','BND',0.0000,2.6701,'14-11-2014','09:30:38','1',''),(NULL,'141114-TRA-EURMYR','TRA','MYR','EUR',0.0000,4.1981,'14-11-2014','09:30:38','1',''),(NULL,'141114-MMM-USDMYR','MMM','MYR','USD',3.3200,3.3400,'14-11-2014','10:06:00','1',''),(NULL,'141114-MMM-GBPMYR','MMM','MYR','GBP',5.2500,5.3400,'14-11-2014','10:16:00','1',''),(NULL,'141114-MMM-SGDMYR','MMM','MYR','SGD',2.5700,2.5900,'14-11-2014','10:18:00','1',''),(NULL,'141114-MMM-JPYMYR','MMM','MYR','JPY',28.8000,29.6000,'14-11-2014','10:19:00','1000',''),(NULL,'141114-MMM-HKDMYR','MMM','MYR','HKD',42.6000,43.5000,'14-11-2014','10:19:00','100',''),(NULL,'141114-MMM-AUDMYR','MMM','MYR','AUD',2.9000,2.9500,'14-11-2014','10:20:00','1',''),(NULL,'141114-MMM-THBMYR','MMM','MYR','THB',10.1500,10.3300,'14-11-2014','10:20:00','100',''),(NULL,'141114-MMM-IDRMYR','MMM','MYR','IDR',274.0000,279.0000,'14-11-2014','10:21:00','1M ',''),(NULL,'141114-MMM-INRMYR','MMM','MYR','INR',5.3000,5.5000,'14-11-2014','10:24:00','100',''),(NULL,'141114-MMM-VNDMYR','MMM','MYR','VND',152.0000,163.0000,'14-11-2014','10:24:00','1M',''),(NULL,'141114-MMM-PHPMYR','MMM','MYR','PHP',7.3000,7.5000,'14-11-2014','10:29:00','100',''),(NULL,'141114-MMM-NZDMYR','MMM','MYR','NZD',2.5900,2.6700,'14-11-2014','10:30:00','1',''),(NULL,'141114-MMM-CNYMYR','MMM','MYR','CNY',54.3000,54.8000,'14-11-2014','10:31:00','100',''),(NULL,'131114-MMM-TWDMYR','MMM','MYR','TWD',11.2000,11.3300,'13-11-2014','11:02:00','100',''),(NULL,'141114-MMM-CHFMYR','MMM','MYR','CHF',3.4100,3.5100,'14-11-2014','10:37:00','1',''),(NULL,'141114-MMM-CADMYR','MMM','MYR','CAD',2.9000,2.9600,'14-11-2014','10:38:00','1',''),(NULL,'141114-MMM-KRWMYR','MMM','MYR','KRW',3.0800,3.1500,'14-11-2014','10:40:00','1000',''),(NULL,'141114-MMM-SARMYR','MMM','MYR','SAR',86.8000,89.8000,'14-11-2014','10:42:00','100',''),(NULL,'141114-MMM-EURMYR','MMM','MYR','EUR',4.1400,4.2100,'14-11-2014','10:43:00','1',''),(NULL,'141114-MMM-AEDMYR','MMM','MYR','AED',89.2000,91.0000,'14-11-2014','10:44:00','100',''),(NULL,'141114-MMM-QARMYR','MMM','MYR','QAR',89.4000,91.4000,'14-11-2014','10:45:00','100',''),(NULL,'141114-MMM-SEKMYR','MMM','MYR','SEK',0.4300,0.4950,'14-11-2014','10:45:00','1',''),(NULL,'131114-MMM-LKRMYR','MMM','MYR','LKR',2.4000,2.7000,'13-11-2014','11:16:00','100',''),(NULL,'131114-MMM-NOKMYR','MMM','MYR','NOK',0.4800,0.5500,'13-11-2014','11:17:00','1',''),(NULL,'131114-MMM-DKKMYR','MMM','MYR','DKK',0.5400,0.6150,'13-11-2014','11:17:00','1',''),(NULL,'131114-MMM-ZARMYR','MMM','MYR','ZAR',27.0000,31.5000,'13-11-2014','11:17:00','100',''),(NULL,'131114-MMM-KWDMYR','MMM','MYR','KWD',10.5000,11.5000,'13-11-2014','11:19:00','1',''),(NULL,'131114-MMM-MOPMYR','MMM','MYR','MOP',40.0000,43.2000,'13-11-2014','11:22:00','100',''),(NULL,'131114-MMM-TURMYR','MMM','MYR','TUR',1.5000,1.6700,'13-11-2014','03:55:00','1',''),(NULL,'131114-MMM-JODMYR','MMM','MYR','JOD',4.3000,4.8000,'13-11-2014','11:23:00','1',''),(NULL,'171114-MUS-AUDMYR','MUS','MYR','AUD',0.0000,0.3355,'17-11-2014','09:02:42','1','Y'),(NULL,'171114-MUS-CNYMYR','MUS','MYR','CNY',0.0000,1.8250,'17-11-2014','09:02:42','1','Y'),(NULL,'171114-MUS-HKDMYR','MUS','MYR','HKD',0.0000,2.2842,'17-11-2014','09:02:42','1','Y'),(NULL,'171114-MUS-INRMYR','MUS','MYR','INR',0.0000,17.9442,'17-11-2014','09:02:42','1','Y'),(NULL,'171114-MUS-IDRMYR','MUS','MYR','IDR',0.0000,3565.6192,'17-11-2014','09:02:42','1','Y'),(NULL,'171114-MUS-JPYMYR','MUS','MYR','JPY',0.0000,34.0212,'17-11-2014','09:02:42','1','Y'),(NULL,'171114-MUS-NZDMYR','MUS','MYR','NZD',0.0000,0.3699,'17-11-2014','09:02:42','1','Y'),(NULL,'171114-MUS-PKRMYR','MUS','MYR','PKR',0.0000,30.1406,'17-11-2014','09:02:42','1','Y'),(NULL,'171114-MUS-PHPMYR','MUS','MYR','PHP',0.0000,13.0780,'17-11-2014','09:02:42','1','Y'),(NULL,'171114-MUS-SGDMYR','MUS','MYR','SGD',0.0000,0.3858,'17-11-2014','09:02:42','1','Y'),(NULL,'171114-MUS-KRWMYR','MUS','MYR','KRW',0.0000,318.3168,'17-11-2014','09:02:42','1','Y'),(NULL,'171114-MUS-LKRMYR','MUS','MYR','LKR',0.0000,36.7429,'17-11-2014','09:02:42','1','Y'),(NULL,'171114-MUS-TWDMYR','MUS','MYR','TWD',0.0000,8.8486,'17-11-2014','09:02:42','1','Y'),(NULL,'171114-MUS-THBMYR','MUS','MYR','THB',0.0000,9.5970,'17-11-2014','09:02:42','1','Y'),(NULL,'171114-MUS-USDMYR','MUS','MYR','USD',0.0000,0.2956,'17-11-2014','09:02:42','1','Y'),(NULL,'171114-MUS-CADMYR','MUS','MYR','CAD',0.0000,0.3320,'17-11-2014','09:02:42','1','Y'),(NULL,'171114-MUS-GBPMYR','MUS','MYR','GBP',0.0000,0.1882,'17-11-2014','09:02:42','1','Y'),(NULL,'171114-MUS-DKKMYR','MUS','MYR','DKK',0.0000,1.7147,'17-11-2014','09:02:42','1','Y'),(NULL,'171114-MUS-EURMYR','MUS','MYR','EUR',0.0000,0.2354,'17-11-2014','09:02:42','1','Y'),(NULL,'171114-MUS-NOKMYR','MUS','MYR','NOK',0.0000,1.9387,'17-11-2014','09:02:42','1','Y'),(NULL,'171114-MUS-CHFMYR','MUS','MYR','CHF',0.0000,0.2826,'17-11-2014','09:02:42','1','Y'),(NULL,'171114-MUS-BHDMYR','MUS','MYR','BHD',0.0000,0.1105,'17-11-2014','09:02:42','1','Y'),(NULL,'171114-MUS-EGPMYR','MUS','MYR','EGP',0.0000,2.0967,'17-11-2014','09:02:42','1','Y'),(NULL,'171114-MUS-JODMYR','MUS','MYR','JOD',0.0000,0.2052,'17-11-2014','09:02:42','1','Y'),(NULL,'171114-MUS-QARMYR','MUS','MYR','QAR',0.0000,1.0717,'17-11-2014','09:02:42','1','Y'),(NULL,'171114-MUS-KWDMYR','MUS','MYR','KWD',0.0000,0.0863,'17-11-2014','09:02:42','1','Y'),(NULL,'171114-MUS-MURMYR','MUS','MYR','MUR',0.0000,9.2518,'17-11-2014','09:02:42','1','Y'),(NULL,'171114-MUS-OMRMYR','MUS','MYR','OMR',0.0000,0.1135,'17-11-2014','09:02:42','1','Y'),(NULL,'171114-MUS-SARMYR','MUS','MYR','SAR',0.0000,1.0929,'17-11-2014','09:02:42','1','Y'),(NULL,'171114-MUS-ZARMYR','MUS','MYR','ZAR',0.0000,3.1113,'17-11-2014','09:02:42','1','Y'),(NULL,'171114-MUS-UAEMYR','MUS','MYR','UAE',0.0000,1.0717,'17-11-2014','09:02:42','1','Y'),(NULL,'171114-MMM-USDMYR','MMM','MYR','USD',3.3200,3.3400,'17-11-2014','10:20:00','1',''),(NULL,'171114-MMM-GBPMYR','MMM','MYR','GBP',5.2500,5.3250,'17-11-2014','10:20:00','1',''),(NULL,'171114-MMM-SGDMYR','MMM','MYR','SGD',2.5700,2.5850,'17-11-2014','11:51:00','1',''),(NULL,'171114-MMM-JPYMYR','MMM','MYR','JPY',29.1000,29.6000,'17-11-2014','12:48:00','1000',''),(NULL,'171114-MMM-HKDMYR','MMM','MYR','HKD',42.9000,43.5500,'17-11-2014','10:25:00','100',''),(NULL,'171114-MMM-AUDMYR','MMM','MYR','AUD',2.9000,2.9600,'17-11-2014','10:28:00','1',''),(NULL,'171114-MMM-THBMYR','MMM','MYR','THB',10.2000,10.3700,'17-11-2014','10:29:00','100',''),(NULL,'171114-MMM-IDRMYR','MMM','MYR','IDR',274.0000,279.0000,'17-11-2014','10:29:00','1M ',''),(NULL,'171114-MMM-INRMYR','MMM','MYR','INR',5.3000,5.4700,'17-11-2014','10:31:00','100',''),(NULL,'171114-MMM-VNDMYR','MMM','MYR','VND',152.0000,163.0000,'17-11-2014','10:31:00','1M',''),(NULL,'171114-MMM-PHPMYR','MMM','MYR','PHP',7.3000,7.5000,'17-11-2014','12:04:00','100',''),(NULL,'171114-MMM-NZDMYR','MMM','MYR','NZD',2.6000,2.6800,'17-11-2014','10:33:00','1',''),(NULL,'171114-MMM-CNYMYR','MMM','MYR','CNY',54.2000,54.9000,'17-11-2014','01:16:00','100',''),(NULL,'171114-MMM-TWDMYR','MMM','MYR','TWD',11.2300,11.3500,'17-11-2014','10:36:00','100',''),(NULL,'171114-MMM-CHFMYR','MMM','MYR','CHF',3.4300,3.5200,'17-11-2014','10:36:00','1',''),(NULL,'171114-MMM-CADMYR','MMM','MYR','CAD',2.9000,2.9700,'17-11-2014','10:37:00','1',''),(NULL,'171114-MMM-KRWMYR','MMM','MYR','KRW',3.0800,3.1500,'17-11-2014','10:37:00','1000',''),(NULL,'171114-MMM-SARMYR','MMM','MYR','SAR',86.8000,88.3000,'17-11-2014','10:38:00','100',''),(NULL,'171114-MMM-EURMYR','MMM','MYR','EUR',4.1500,4.2150,'17-11-2014','10:39:00','1',''),(NULL,'171114-MMM-AEDMYR','MMM','MYR','AED',89.0000,90.8000,'17-11-2014','10:40:00','100',''),(NULL,'171114-MMM-QARMYR','MMM','MYR','QAR',89.1000,91.0000,'17-11-2014','10:41:00','100',''),(NULL,'171114-MMM-SEKMYR','MMM','MYR','SEK',0.4300,0.4950,'17-11-2014','10:41:00','1',''),(NULL,'171114-MMM-LKRMYR','MMM','MYR','LKR',2.4000,2.7000,'17-11-2014','10:42:00','100',''),(NULL,'171114-MMM-NOKMYR','MMM','MYR','NOK',0.4800,0.5500,'17-11-2014','10:42:00','1',''),(NULL,'171114-MMM-DKKMYR','MMM','MYR','DKK',0.5400,0.6150,'17-11-2014','10:43:00','1',''),(NULL,'171114-MMM-ZARMYR','MMM','MYR','ZAR',27.0000,31.5000,'17-11-2014','10:43:00','100',''),(NULL,'171114-MMM-KWDMYR','MMM','MYR','KWD',10.5000,11.5000,'17-11-2014','10:44:00','1',''),(NULL,'171114-MMM-MOPMYR','MMM','MYR','MOP',40.0000,43.2000,'17-11-2014','10:44:00','100',''),(NULL,'171114-MMM-TURMYR','MMM','MYR','TUR',1.5200,1.6700,'17-11-2014','10:45:00','1',''),(NULL,'171114-MMM-JODMYR','MMM','MYR','JOD',4.3000,4.8000,'17-11-2014','10:45:00','1',''),(NULL,'171114-TRA-SARMYR','TRA','MYR','SAR',0.0000,88.3892,'17-11-2014','09:23:38','100',''),(NULL,'171114-TRA-GBPMYR','TRA','MYR','GBP',0.0000,5.3295,'17-11-2014','09:23:37','1',''),(NULL,'171114-TRA-PHPMYR','TRA','MYR','PHP',0.0000,8.2982,'17-11-2014','09:23:38','100',''),(NULL,'171114-TRA-CNYMYR','TRA','MYR','CNY',0.0000,55.1078,'17-11-2014','09:23:37','100',''),(NULL,'171114-TRA-VNDMYR','TRA','MYR','VND',0.0000,0.0182,'17-11-2014','09:23:38','100',''),(NULL,'171114-TRA-INRMYR','TRA','MYR','INR',0.0000,6.2299,'17-11-2014','09:23:37','100',''),(NULL,'171114-TRA-SGDMYR','TRA','MYR','SGD',0.0000,2.6162,'17-11-2014','09:23:38','1',''),(NULL,'171114-TRA-USDMYR','TRA','MYR','USD',0.0000,3.3704,'17-11-2014','09:23:38','1',''),(NULL,'171114-TRA-HKDMYR','TRA','MYR','HKD',0.0000,46.3992,'17-11-2014','09:23:37','100',''),(NULL,'171114-TRA-AUDMYR','TRA','MYR','AUD',0.0000,2.9573,'17-11-2014','09:23:37','1',''),(NULL,'171114-TRA-IDRMYR','TRA','MYR','IDR',0.0000,0.0285,'17-11-2014','09:23:37','100',''),(NULL,'171114-TRA-THBMYR','TRA','MYR','THB',0.0000,11.3052,'17-11-2014','09:23:38','100',''),(NULL,'171114-TRA-TWDMYR','TRA','MYR','TWD',0.0000,11.3663,'17-11-2014','09:23:38','100',''),(NULL,'171114-TRA-JPYMYR','TRA','MYR','JPY',0.0000,3.0020,'17-11-2014','09:23:37','100',''),(NULL,'171114-TRA-BNDMYR','TRA','MYR','BND',0.0000,2.6687,'17-11-2014','09:23:37','1',''),(NULL,'171114-TRA-EURMYR','TRA','MYR','EUR',0.0000,4.2091,'17-11-2014','09:23:37','1',''),(NULL,'181114-MUS-AUDMYR','MUS','MYR','AUD',0.0000,0.3373,'18-11-2014','09:05:23','1','Y'),(NULL,'181114-MUS-CNYMYR','MUS','MYR','CNY',0.0000,1.8254,'18-11-2014','09:05:23','1','Y'),(NULL,'181114-MUS-HKDMYR','MUS','MYR','HKD',0.0000,2.2888,'18-11-2014','09:05:23','1','Y'),(NULL,'181114-MUS-INRMYR','MUS','MYR','INR',0.0000,18.0327,'18-11-2014','09:05:23','1','Y'),(NULL,'181114-MUS-IDRMYR','MUS','MYR','IDR',0.0000,3546.8750,'18-11-2014','09:05:23','1','Y'),(NULL,'181114-MUS-JPYMYR','MUS','MYR','JPY',0.0000,34.1504,'18-11-2014','09:05:23','1','Y'),(NULL,'181114-MUS-NZDMYR','MUS','MYR','NZD',0.0000,0.3693,'18-11-2014','09:05:23','1','Y'),(NULL,'181114-MUS-PKRMYR','MUS','MYR','PKR',0.0000,30.1484,'18-11-2014','09:05:23','1','Y'),(NULL,'181114-MUS-PHPMYR','MUS','MYR','PHP',0.0000,13.1259,'18-11-2014','09:05:23','1','Y'),(NULL,'181114-MUS-SGDMYR','MUS','MYR','SGD',0.0000,0.3859,'18-11-2014','09:05:23','1','Y'),(NULL,'181114-MUS-KRWMYR','MUS','MYR','KRW',0.0000,318.3993,'18-11-2014','09:05:23','1','Y'),(NULL,'181114-MUS-LKRMYR','MUS','MYR','LKR',0.0000,36.7524,'18-11-2014','09:05:23','1','Y'),(NULL,'181114-MUS-TWDMYR','MUS','MYR','TWD',0.0000,8.8307,'18-11-2014','09:05:23','1','Y'),(NULL,'181114-MUS-THBMYR','MUS','MYR','THB',0.0000,9.5995,'18-11-2014','09:05:23','1','Y'),(NULL,'181114-MUS-USDMYR','MUS','MYR','USD',0.0000,0.2964,'18-11-2014','09:05:23','1','Y'),(NULL,'181114-MUS-CADMYR','MUS','MYR','CAD',0.0000,0.3327,'18-11-2014','09:05:23','1','Y'),(NULL,'181114-MUS-GBPMYR','MUS','MYR','GBP',0.0000,0.1887,'18-11-2014','09:05:23','1','Y'),(NULL,'181114-MUS-DKKMYR','MUS','MYR','DKK',0.0000,1.7305,'18-11-2014','09:05:23','1','Y'),(NULL,'181114-MUS-EURMYR','MUS','MYR','EUR',0.0000,0.2367,'18-11-2014','09:05:23','1','Y'),(NULL,'181114-MUS-NOKMYR','MUS','MYR','NOK',0.0000,1.9490,'18-11-2014','09:05:23','1','Y'),(NULL,'181114-MUS-CHFMYR','MUS','MYR','CHF',0.0000,0.2842,'18-11-2014','09:05:23','1','Y'),(NULL,'181114-MUS-BHDMYR','MUS','MYR','BHD',0.0000,0.1106,'18-11-2014','09:05:23','1','Y'),(NULL,'181114-MUS-EGPMYR','MUS','MYR','EGP',0.0000,2.0973,'18-11-2014','09:05:23','1','Y'),(NULL,'181114-MUS-JODMYR','MUS','MYR','JOD',0.0000,0.2053,'18-11-2014','09:05:23','1','Y'),(NULL,'181114-MUS-QARMYR','MUS','MYR','QAR',0.0000,1.0719,'18-11-2014','09:05:23','1','Y'),(NULL,'181114-MUS-KWDMYR','MUS','MYR','KWD',0.0000,0.0865,'18-11-2014','09:05:23','1','Y'),(NULL,'181114-MUS-MURMYR','MUS','MYR','MUR',0.0000,9.2542,'18-11-2014','09:05:23','1','Y'),(NULL,'181114-MUS-OMRMYR','MUS','MYR','OMR',0.0000,0.1138,'18-11-2014','09:05:23','1','Y'),(NULL,'181114-MUS-SARMYR','MUS','MYR','SAR',0.0000,1.0963,'18-11-2014','09:05:23','1','Y'),(NULL,'181114-MUS-ZARMYR','MUS','MYR','ZAR',0.0000,3.1121,'18-11-2014','09:05:23','1','Y'),(NULL,'181114-MUS-UAEMYR','MUS','MYR','UAE',0.0000,1.0749,'18-11-2014','09:05:23','1','Y'),(NULL,'181114-MMM-USDMYR','MMM','MYR','USD',3.3350,3.3500,'18-11-2014','11:10:00','1',''),(NULL,'181114-MMM-GBPMYR','MMM','MYR','GBP',5.2400,5.3200,'18-11-2014','10:18:00','1',''),(NULL,'181114-MMM-SGDMYR','MMM','MYR','SGD',2.5700,2.5850,'18-11-2014','11:10:00','1',''),(NULL,'181114-MMM-JPYMYR','MMM','MYR','JPY',28.6000,29.5000,'18-11-2014','11:11:00','1000',''),(NULL,'181114-MMM-HKDMYR','MMM','MYR','HKD',43.0000,43.5500,'18-11-2014','11:11:00','100',''),(NULL,'181114-MMM-AUDMYR','MMM','MYR','AUD',2.9100,2.9700,'18-11-2014','10:23:00','1',''),(NULL,'181114-MMM-THBMYR','MMM','MYR','THB',10.2200,10.3700,'18-11-2014','10:27:00','100',''),(NULL,'181114-MMM-IDRMYR','MMM','MYR','IDR',274.0000,280.0000,'18-11-2014','10:27:00','1M ',''),(NULL,'181114-MMM-INRMYR','MMM','MYR','INR',5.3500,5.5000,'18-11-2014','10:28:00','100',''),(NULL,'181114-MMM-VNDMYR','MMM','MYR','VND',152.0000,163.0000,'18-11-2014','10:29:00','1M',''),(NULL,'181114-MMM-PHPMYR','MMM','MYR','PHP',7.2500,7.5000,'18-11-2014','10:29:00','100',''),(NULL,'181114-MMM-NZDMYR','MMM','MYR','NZD',2.6700,2.7200,'18-11-2014','12:42:00','1',''),(NULL,'181114-MMM-CNYMYR','MMM','MYR','CNY',54.4000,54.9000,'18-11-2014','10:37:00','100',''),(NULL,'181114-MMM-TWDMYR','MMM','MYR','TWD',11.2200,11.3500,'18-11-2014','10:38:00','100',''),(NULL,'181114-MMM-CHFMYR','MMM','MYR','CHF',3.4600,3.5300,'18-11-2014','10:39:00','1',''),(NULL,'181114-MMM-CADMYR','MMM','MYR','CAD',2.9200,3.0000,'18-11-2014','10:44:00','1',''),(NULL,'181114-MMM-KRWMYR','MMM','MYR','KRW',3.0800,3.1500,'18-11-2014','10:50:00','1000',''),(NULL,'181114-MMM-SARMYR','MMM','MYR','SAR',87.5000,89.0000,'18-11-2014','11:36:00','100',''),(NULL,'181114-MMM-EURMYR','MMM','MYR','EUR',4.1500,4.2300,'18-11-2014','10:50:00','1',''),(NULL,'181114-MMM-AEDMYR','MMM','MYR','AED',89.4000,91.2000,'18-11-2014','10:52:00','100',''),(NULL,'181114-MMM-QARMYR','MMM','MYR','QAR',89.5000,91.5000,'18-11-2014','10:54:00','100',''),(NULL,'181114-MMM-SEKMYR','MMM','MYR','SEK',0.4300,0.4950,'18-11-2014','10:56:00','1',''),(NULL,'181114-MMM-LKRMYR','MMM','MYR','LKR',2.4000,2.7000,'18-11-2014','10:56:00','100',''),(NULL,'181114-MMM-NOKMYR','MMM','MYR','NOK',0.4800,0.5500,'18-11-2014','10:57:00','1',''),(NULL,'181114-MMM-DKKMYR','MMM','MYR','DKK',0.5400,0.6150,'18-11-2014','10:57:00','1',''),(NULL,'181114-MMM-ZARMYR','MMM','MYR','ZAR',27.0000,31.5000,'18-11-2014','10:58:00','100',''),(NULL,'181114-MMM-KWDMYR','MMM','MYR','KWD',10.5000,11.5000,'18-11-2014','10:59:00','1',''),(NULL,'181114-MMM-MOPMYR','MMM','MYR','MOP',40.0000,43.2000,'18-11-2014','11:07:00','100',''),(NULL,'181114-MMM-TURMYR','MMM','MYR','TUR',1.5200,1.6700,'18-11-2014','11:01:00','1',''),(NULL,'181114-MMM-JODMYR','MMM','MYR','JOD',4.3000,4.8000,'18-11-2014','11:01:00','1',''),(NULL,'181114-TRA-SARMYR','TRA','MYR','SAR',0.0000,88.4394,'18-11-2014','09:15:38','100',''),(NULL,'181114-TRA-GBPMYR','TRA','MYR','GBP',0.0000,5.3295,'18-11-2014','09:15:37','1',''),(NULL,'181114-TRA-PHPMYR','TRA','MYR','PHP',0.0000,8.0510,'18-11-2014','09:15:38','100',''),(NULL,'181114-TRA-CNYMYR','TRA','MYR','CNY',0.0000,55.1686,'18-11-2014','09:15:37','100',''),(NULL,'181114-TRA-VNDMYR','TRA','MYR','VND',0.0000,0.0182,'18-11-2014','09:15:38','100',''),(NULL,'181114-TRA-INRMYR','TRA','MYR','INR',0.0000,5.9958,'18-11-2014','09:16:19','100',''),(NULL,'181114-TRA-SGDMYR','TRA','MYR','SGD',0.0000,2.6133,'18-11-2014','09:15:38','1',''),(NULL,'181114-TRA-USDMYR','TRA','MYR','USD',0.0000,3.3690,'18-11-2014','09:15:38','1',''),(NULL,'181114-TRA-HKDMYR','TRA','MYR','HKD',0.0000,46.3885,'18-11-2014','09:15:37','100',''),(NULL,'181114-TRA-AUDMYR','TRA','MYR','AUD',0.0000,2.9576,'18-11-2014','09:15:37','1',''),(NULL,'181114-TRA-IDRMYR','TRA','MYR','IDR',0.0000,0.0285,'18-11-2014','09:15:37','100',''),(NULL,'181114-TRA-THBMYR','TRA','MYR','THB',0.0000,11.3163,'18-11-2014','09:15:38','100',''),(NULL,'181114-TRA-TWDMYR','TRA','MYR','TWD',0.0000,11.3561,'18-11-2014','09:15:38','100',''),(NULL,'181114-TRA-JPYMYR','TRA','MYR','JPY',0.0000,3.0020,'18-11-2014','09:15:37','100',''),(NULL,'181114-TRA-BNDMYR','TRA','MYR','BND',0.0000,2.6640,'18-11-2014','09:15:37','1',''),(NULL,'181114-TRA-EURMYR','TRA','MYR','EUR',0.0000,4.2332,'18-11-2014','09:15:37','1',''),(NULL,'191114-MUS-AUDMYR','MUS','MYR','AUD',0.0000,0.3379,'19-11-2014','09:16:07','1','Y'),(NULL,'191114-MUS-CNYMYR','MUS','MYR','CNY',0.0000,1.8240,'19-11-2014','09:16:07','1','Y'),(NULL,'191114-MUS-HKDMYR','MUS','MYR','HKD',0.0000,2.2857,'19-11-2014','09:16:07','1','Y'),(NULL,'191114-MUS-INRMYR','MUS','MYR','INR',0.0000,18.0187,'19-11-2014','09:16:07','1','Y'),(NULL,'191114-MUS-IDRMYR','MUS','MYR','IDR',0.0000,3540.8632,'19-11-2014','09:16:07','1','Y'),(NULL,'191114-MUS-JPYMYR','MUS','MYR','JPY',0.0000,34.2147,'19-11-2014','09:16:07','1','Y'),(NULL,'191114-MUS-NZDMYR','MUS','MYR','NZD',0.0000,0.3715,'19-11-2014','09:16:07','1','Y'),(NULL,'191114-MUS-PKRMYR','MUS','MYR','PKR',0.0000,30.1250,'19-11-2014','09:16:07','1','Y'),(NULL,'191114-MUS-PHPMYR','MUS','MYR','PHP',0.0000,13.1156,'19-11-2014','09:16:07','1','Y'),(NULL,'191114-MUS-SGDMYR','MUS','MYR','SGD',0.0000,0.3856,'19-11-2014','09:16:07','1','Y'),(NULL,'191114-MUS-KRWMYR','MUS','MYR','KRW',0.0000,319.2053,'19-11-2014','09:16:07','1','Y'),(NULL,'191114-MUS-LKRMYR','MUS','MYR','LKR',0.0000,36.7238,'19-11-2014','09:16:07','1','Y'),(NULL,'191114-MUS-TWDMYR','MUS','MYR','TWD',0.0000,8.8440,'19-11-2014','09:16:07','1','Y'),(NULL,'191114-MUS-THBMYR','MUS','MYR','THB',0.0000,9.5920,'19-11-2014','09:16:07','1','Y'),(NULL,'191114-MUS-USDMYR','MUS','MYR','USD',0.0000,0.2957,'19-11-2014','09:16:07','1','Y'),(NULL,'191114-MUS-CADMYR','MUS','MYR','CAD',0.0000,0.3333,'19-11-2014','09:16:07','1','Y'),(NULL,'191114-MUS-GBPMYR','MUS','MYR','GBP',0.0000,0.1887,'19-11-2014','09:16:07','1','Y'),(NULL,'191114-MUS-DKKMYR','MUS','MYR','DKK',0.0000,1.7138,'19-11-2014','09:16:07','1','Y'),(NULL,'191114-MUS-EURMYR','MUS','MYR','EUR',0.0000,0.2354,'19-11-2014','09:16:07','1','Y'),(NULL,'191114-MUS-NOKMYR','MUS','MYR','NOK',0.0000,1.9475,'19-11-2014','09:16:07','1','Y'),(NULL,'191114-MUS-CHFMYR','MUS','MYR','CHF',0.0000,0.2825,'19-11-2014','09:16:07','1','Y'),(NULL,'191114-MUS-BHDMYR','MUS','MYR','BHD',0.0000,0.1105,'19-11-2014','09:16:07','1','Y'),(NULL,'191114-MUS-EGPMYR','MUS','MYR','EGP',0.0000,2.0957,'19-11-2014','09:16:07','1','Y'),(NULL,'191114-MUS-JODMYR','MUS','MYR','JOD',0.0000,0.2051,'19-11-2014','09:16:07','1','Y'),(NULL,'191114-MUS-QARMYR','MUS','MYR','QAR',0.0000,1.0711,'19-11-2014','09:16:07','1','Y'),(NULL,'191114-MUS-KWDMYR','MUS','MYR','KWD',0.0000,0.0863,'19-11-2014','09:16:07','1','Y'),(NULL,'191114-MUS-MURMYR','MUS','MYR','MUR',0.0000,9.2029,'19-11-2014','09:16:07','1','Y'),(NULL,'191114-MUS-OMRMYR','MUS','MYR','OMR',0.0000,0.1134,'19-11-2014','09:16:07','1','Y'),(NULL,'191114-MUS-SARMYR','MUS','MYR','SAR',0.0000,1.0924,'19-11-2014','09:16:07','1','Y'),(NULL,'191114-MUS-ZARMYR','MUS','MYR','ZAR',0.0000,3.0848,'19-11-2014','09:16:07','1','Y'),(NULL,'191114-MUS-UAEMYR','MUS','MYR','UAE',0.0000,1.0711,'19-11-2014','09:16:07','1','Y'),(NULL,'191114-TRA-SARMYR','TRA','MYR','SAR',0.0000,88.5198,'19-11-2014','09:51:35','100',''),(NULL,'191114-TRA-GBPMYR','TRA','MYR','GBP',0.0000,5.3220,'19-11-2014','09:51:35','1',''),(NULL,'191114-TRA-PHPMYR','TRA','MYR','PHP',0.0000,8.0510,'19-11-2014','09:51:35','100',''),(NULL,'191114-TRA-CNYMYR','TRA','MYR','CNY',0.0000,55.2193,'19-11-2014','09:51:34','100',''),(NULL,'191114-TRA-VNDMYR','TRA','MYR','VND',0.0000,0.0181,'19-11-2014','09:51:35','100',''),(NULL,'191114-TRA-INRMYR','TRA','MYR','INR',0.0000,6.2522,'19-11-2014','10:07:37','100',''),(NULL,'191114-TRA-SGDMYR','TRA','MYR','SGD',0.0000,2.6140,'19-11-2014','09:51:35','1',''),(NULL,'191114-TRA-USDMYR','TRA','MYR','USD',0.0000,3.3739,'19-11-2014','09:51:35','1',''),(NULL,'191114-TRA-HKDMYR','TRA','MYR','HKD',0.0000,46.4099,'19-11-2014','09:51:35','100',''),(NULL,'191114-TRA-AUDMYR','TRA','MYR','AUD',0.0000,2.9650,'19-11-2014','09:51:34','1',''),(NULL,'191114-TRA-IDRMYR','TRA','MYR','IDR',0.0000,0.0285,'19-11-2014','09:51:35','100',''),(NULL,'191114-TRA-THBMYR','TRA','MYR','THB',0.0000,11.3384,'19-11-2014','09:51:35','100',''),(NULL,'191114-TRA-TWDMYR','TRA','MYR','TWD',0.0000,11.4778,'19-11-2014','09:51:35','100',''),(NULL,'191114-TRA-JPYMYR','TRA','MYR','JPY',0.0000,2.9916,'19-11-2014','09:51:35','100',''),(NULL,'191114-TRA-BNDMYR','TRA','MYR','BND',0.0000,2.6652,'19-11-2014','09:51:34','1',''),(NULL,'191114-TRA-EURMYR','TRA','MYR','EUR',0.0000,4.2402,'19-11-2014','09:51:35','1',''),(NULL,'191114-MMM-USDMYR','MMM','MYR','USD',3.3450,3.3650,'19-11-2014','10:10:00','1',''),(NULL,'191114-MMM-GBPMYR','MMM','MYR','GBP',5.2400,5.3100,'19-11-2014','10:14:00','1',''),(NULL,'191114-MMM-SGDMYR','MMM','MYR','SGD',2.5700,2.5850,'19-11-2014','10:20:00','1',''),(NULL,'191114-MMM-JPYMYR','MMM','MYR','JPY',28.7000,29.5000,'19-11-2014','11:05:00','1000',''),(NULL,'191114-MMM-HKDMYR','MMM','MYR','HKD',43.1000,43.7000,'19-11-2014','10:27:00','100',''),(NULL,'191114-MMM-AUDMYR','MMM','MYR','AUD',2.9100,2.9600,'19-11-2014','10:28:00','1',''),(NULL,'191114-MMM-THBMYR','MMM','MYR','THB',10.2500,10.4000,'19-11-2014','10:29:00','100',''),(NULL,'191114-MMM-IDRMYR','MMM','MYR','IDR',274.0000,281.0000,'19-11-2014','10:29:00','1M ',''),(NULL,'191114-MMM-INRMYR','MMM','MYR','INR',5.3200,5.5000,'19-11-2014','10:33:00','100',''),(NULL,'191114-MMM-VNDMYR','MMM','MYR','VND',154.0000,164.0000,'19-11-2014','11:06:00','1M',''),(NULL,'191114-MMM-PHPMYR','MMM','MYR','PHP',7.3800,7.5500,'19-11-2014','10:51:00','100',''),(NULL,'191114-MMM-NZDMYR','MMM','MYR','NZD',2.6800,2.7200,'19-11-2014','10:54:00','1',''),(NULL,'191114-MMM-CNYMYR','MMM','MYR','CNY',54.6000,54.9500,'19-11-2014','10:54:00','100',''),(NULL,'191114-MMM-TWDMYR','MMM','MYR','TWD',11.2200,11.3300,'19-11-2014','10:55:00','100',''),(NULL,'191114-MMM-CHFMYR','MMM','MYR','CHF',3.4700,3.5300,'19-11-2014','10:55:00','1',''),(NULL,'191114-MMM-CADMYR','MMM','MYR','CAD',2.9200,2.9900,'19-11-2014','10:55:00','1',''),(NULL,'191114-MMM-KRWMYR','MMM','MYR','KRW',3.0700,3.1500,'19-11-2014','10:58:00','1000',''),(NULL,'191114-MMM-SARMYR','MMM','MYR','SAR',87.5000,89.5000,'19-11-2014','10:58:00','100',''),(NULL,'191114-MMM-EURMYR','MMM','MYR','EUR',4.1700,4.2450,'19-11-2014','10:59:00','1',''),(NULL,'191114-MMM-AEDMYR','MMM','MYR','AED',89.6000,91.5000,'19-11-2014','10:59:00','100',''),(NULL,'191114-MMM-QARMYR','MMM','MYR','QAR',89.7000,91.7000,'19-11-2014','11:00:00','100',''),(NULL,'191114-MMM-SEKMYR','MMM','MYR','SEK',0.4300,0.4950,'19-11-2014','11:01:00','1',''),(NULL,'191114-MMM-LKRMYR','MMM','MYR','LKR',2.4000,2.7000,'19-11-2014','11:01:00','100',''),(NULL,'191114-MMM-NOKMYR','MMM','MYR','NOK',0.4800,0.5500,'19-11-2014','11:01:00','1',''),(NULL,'191114-MMM-DKKMYR','MMM','MYR','DKK',0.5400,0.6150,'19-11-2014','11:02:00','1',''),(NULL,'191114-MMM-ZARMYR','MMM','MYR','ZAR',27.0000,31.5000,'19-11-2014','11:02:00','100',''),(NULL,'191114-MMM-KWDMYR','MMM','MYR','KWD',10.5000,11.5000,'19-11-2014','11:03:00','1',''),(NULL,'191114-MMM-MOPMYR','MMM','MYR','MOP',40.0000,43.3000,'19-11-2014','11:04:00','100',''),(NULL,'191114-MMM-TURMYR','MMM','MYR','TUR',1.4800,1.6500,'19-11-2014','11:04:00','1',''),(NULL,'191114-MMM-JODMYR','MMM','MYR','JOD',4.3000,4.8000,'19-11-2014','11:04:00','1',''),(NULL,'201114-MUS-AUDMYR','MUS','MYR','AUD',0.0000,0.3403,'20-11-2014','10:18:38','1','Y'),(NULL,'201114-MUS-CNYMYR','MUS','MYR','CNY',0.0000,1.8151,'20-11-2014','10:18:38','1','Y'),(NULL,'201114-MUS-HKDMYR','MUS','MYR','HKD',0.0000,2.2821,'20-11-2014','10:18:38','1','Y'),(NULL,'201114-MUS-INRMYR','MUS','MYR','INR',0.0000,18.0327,'20-11-2014','10:18:38','1','Y'),(NULL,'201114-MUS-IDRMYR','MUS','MYR','IDR',0.0000,3550.1380,'20-11-2014','10:18:38','1','Y'),(NULL,'201114-MUS-JPYMYR','MUS','MYR','JPY',0.0000,34.5170,'20-11-2014','10:18:38','1','Y'),(NULL,'201114-MUS-NZDMYR','MUS','MYR','NZD',0.0000,0.3725,'20-11-2014','10:18:38','1','Y'),(NULL,'201114-MUS-PKRMYR','MUS','MYR','PKR',0.0000,30.1484,'20-11-2014','10:18:38','1','Y'),(NULL,'201114-MUS-PHPMYR','MUS','MYR','PHP',0.0000,13.1259,'20-11-2014','10:18:38','1','Y'),(NULL,'201114-MUS-SGDMYR','MUS','MYR','SGD',0.0000,0.3859,'20-11-2014','10:18:38','1','Y'),(NULL,'201114-MUS-KRWMYR','MUS','MYR','KRW',0.0000,321.0483,'20-11-2014','10:18:38','1','Y'),(NULL,'201114-MUS-LKRMYR','MUS','MYR','LKR',0.0000,36.7524,'20-11-2014','10:18:38','1','Y'),(NULL,'201114-MUS-TWDMYR','MUS','MYR','TWD',0.0000,8.8713,'20-11-2014','10:18:38','1','Y'),(NULL,'201114-MUS-THBMYR','MUS','MYR','THB',0.0000,9.5757,'20-11-2014','10:18:38','1','Y'),(NULL,'201114-MUS-USDMYR','MUS','MYR','USD',0.0000,0.2955,'20-11-2014','10:18:38','1','Y'),(NULL,'201114-MUS-CADMYR','MUS','MYR','CAD',0.0000,0.3335,'20-11-2014','10:18:38','1','Y'),(NULL,'201114-MUS-GBPMYR','MUS','MYR','GBP',0.0000,0.1878,'20-11-2014','10:18:38','1','Y'),(NULL,'201114-MUS-DKKMYR','MUS','MYR','DKK',0.0000,1.7151,'20-11-2014','10:18:38','1','Y'),(NULL,'201114-MUS-EURMYR','MUS','MYR','EUR',0.0000,0.2346,'20-11-2014','10:18:38','1','Y'),(NULL,'201114-MUS-NOKMYR','MUS','MYR','NOK',0.0000,1.9490,'20-11-2014','10:18:38','1','Y'),(NULL,'201114-MUS-CHFMYR','MUS','MYR','CHF',0.0000,0.2817,'20-11-2014','10:18:38','1','Y'),(NULL,'201114-MUS-BHDMYR','MUS','MYR','BHD',0.0000,0.1103,'20-11-2014','10:18:38','1','Y'),(NULL,'201114-MUS-EGPMYR','MUS','MYR','EGP',0.0000,2.0973,'20-11-2014','10:18:38','1','Y'),(NULL,'201114-MUS-JODMYR','MUS','MYR','JOD',0.0000,0.2053,'20-11-2014','10:18:38','1','Y'),(NULL,'201114-MUS-QARMYR','MUS','MYR','QAR',0.0000,1.0690,'20-11-2014','10:18:38','1','Y'),(NULL,'201114-MUS-KWDMYR','MUS','MYR','KWD',0.0000,0.0861,'20-11-2014','10:18:38','1','Y'),(NULL,'201114-MUS-MURMYR','MUS','MYR','MUR',0.0000,9.2321,'20-11-2014','10:18:38','1','Y'),(NULL,'201114-MUS-OMRMYR','MUS','MYR','OMR',0.0000,0.1135,'20-11-2014','10:18:38','1','Y'),(NULL,'201114-MUS-SARMYR','MUS','MYR','SAR',0.0000,1.0932,'20-11-2014','10:18:38','1','Y'),(NULL,'201114-MUS-ZARMYR','MUS','MYR','ZAR',0.0000,3.0872,'20-11-2014','10:18:38','1','Y'),(NULL,'201114-MUS-UAEMYR','MUS','MYR','UAE',0.0000,1.0719,'20-11-2014','10:18:38','1','Y'),(NULL,'201114-TRA-SARMYR','TRA','MYR','SAR',0.0000,88.7407,'20-11-2014','09:42:36','100',''),(NULL,'201114-TRA-GBPMYR','TRA','MYR','GBP',0.0000,5.3265,'20-11-2014','09:42:35','1',''),(NULL,'201114-TRA-PHPMYR','TRA','MYR','PHP',0.0000,8.2875,'20-11-2014','09:42:36','100',''),(NULL,'201114-TRA-CNYMYR','TRA','MYR','CNY',0.0000,55.4827,'20-11-2014','09:42:35','100',''),(NULL,'201114-TRA-VNDMYR','TRA','MYR','VND',0.0000,0.0195,'20-11-2014','09:43:33','100',''),(NULL,'201114-TRA-INRMYR','TRA','MYR','INR',0.0000,6.0516,'20-11-2014','09:43:40','100',''),(NULL,'201114-TRA-SGDMYR','TRA','MYR','SGD',0.0000,2.6137,'20-11-2014','09:42:36','1',''),(NULL,'201114-TRA-USDMYR','TRA','MYR','USD',0.0000,3.3876,'20-11-2014','09:42:36','1',''),(NULL,'201114-TRA-HKDMYR','TRA','MYR','HKD',0.0000,46.4314,'20-11-2014','09:42:35','100',''),(NULL,'201114-TRA-AUDMYR','TRA','MYR','AUD',0.0000,2.9645,'20-11-2014','09:42:35','1',''),(NULL,'201114-TRA-IDRMYR','TRA','MYR','IDR',0.0000,0.0287,'20-11-2014','09:42:36','100',''),(NULL,'201114-TRA-THBMYR','TRA','MYR','THB',0.0000,11.3495,'20-11-2014','09:42:36','100',''),(NULL,'201114-TRA-TWDMYR','TRA','MYR','TWD',0.0000,11.4271,'20-11-2014','09:42:36','100',''),(NULL,'201114-TRA-JPYMYR','TRA','MYR','JPY',0.0000,2.9812,'20-11-2014','09:42:36','100',''),(NULL,'201114-TRA-BNDMYR','TRA','MYR','BND',0.0000,2.6677,'20-11-2014','09:42:35','1',''),(NULL,'201114-TRA-EURMYR','TRA','MYR','EUR',0.0000,4.2428,'20-11-2014','09:42:35','1',''),(NULL,'201114-MMM-USDMYR','MMM','MYR','USD',3.3500,3.3650,'20-11-2014','12:46:00','1',''),(NULL,'201114-MMM-GBPMYR','MMM','MYR','GBP',5.2500,5.3150,'20-11-2014','10:11:00','1',''),(NULL,'201114-MMM-SGDMYR','MMM','MYR','SGD',2.5700,2.5850,'20-11-2014','10:11:00','1',''),(NULL,'201114-MMM-JPYMYR','MMM','MYR','JPY',28.5000,29.4000,'20-11-2014','10:11:00','1000',''),(NULL,'201114-MMM-HKDMYR','MMM','MYR','HKD',43.3000,43.8000,'20-11-2014','10:12:00','100',''),(NULL,'201114-MMM-AUDMYR','MMM','MYR','AUD',2.9000,2.9550,'20-11-2014','10:13:00','1',''),(NULL,'201114-MMM-THBMYR','MMM','MYR','THB',10.2500,10.4000,'20-11-2014','10:27:00','100',''),(NULL,'201114-MMM-IDRMYR','MMM','MYR','IDR',276.0000,281.5000,'20-11-2014','10:40:00','1M ',''),(NULL,'201114-MMM-INRMYR','MMM','MYR','INR',5.3500,5.5000,'20-11-2014','10:42:00','100',''),(NULL,'201114-MMM-VNDMYR','MMM','MYR','VND',154.0000,164.0000,'20-11-2014','10:43:00','1M',''),(NULL,'201114-MMM-PHPMYR','MMM','MYR','PHP',7.4500,7.6000,'20-11-2014','10:45:00','100',''),(NULL,'201114-MMM-NZDMYR','MMM','MYR','NZD',2.6600,2.7100,'20-11-2014','10:46:00','1',''),(NULL,'201114-MMM-CNYMYR','MMM','MYR','CNY',54.8000,55.1500,'20-11-2014','10:47:00','100',''),(NULL,'201114-MMM-TWDMYR','MMM','MYR','TWD',11.2500,11.3500,'20-11-2014','10:48:00','100',''),(NULL,'201114-MMM-CHFMYR','MMM','MYR','CHF',3.4900,3.5300,'20-11-2014','02:05:00','1',''),(NULL,'201114-MMM-CADMYR','MMM','MYR','CAD',2.9000,2.9800,'20-11-2014','11:09:00','1',''),(NULL,'201114-MMM-KRWMYR','MMM','MYR','KRW',3.0600,3.1400,'20-11-2014','11:15:00','1000',''),(NULL,'201114-MMM-SARMYR','MMM','MYR','SAR',87.9000,89.7000,'20-11-2014','11:20:00','100',''),(NULL,'201114-MMM-EURMYR','MMM','MYR','EUR',4.1800,4.2450,'20-11-2014','12:49:00','1',''),(NULL,'201114-MMM-AEDMYR','MMM','MYR','AED',89.8000,91.8000,'20-11-2014','01:06:00','100',''),(NULL,'201114-MMM-QARMYR','MMM','MYR','QAR',90.1000,92.0000,'20-11-2014','01:49:00','100',''),(NULL,'191114-MMM-SEKMYR','MMM','MYR','SEK',0.4300,0.4950,'19-11-2014','11:01:00','1',''),(NULL,'191114-MMM-LKRMYR','MMM','MYR','LKR',2.4000,2.7000,'19-11-2014','11:01:00','100',''),(NULL,'191114-MMM-NOKMYR','MMM','MYR','NOK',0.4800,0.5500,'19-11-2014','11:01:00','1',''),(NULL,'191114-MMM-DKKMYR','MMM','MYR','DKK',0.5400,0.6150,'19-11-2014','11:02:00','1',''),(NULL,'191114-MMM-ZARMYR','MMM','MYR','ZAR',27.0000,31.5000,'19-11-2014','11:02:00','100',''),(NULL,'191114-MMM-KWDMYR','MMM','MYR','KWD',10.5000,11.5000,'19-11-2014','11:03:00','1',''),(NULL,'191114-MMM-MOPMYR','MMM','MYR','MOP',40.0000,43.3000,'19-11-2014','11:04:00','100',''),(NULL,'191114-MMM-TURMYR','MMM','MYR','TUR',1.4800,1.6500,'19-11-2014','11:04:00','1',''),(NULL,'191114-MMM-JODMYR','MMM','MYR','JOD',4.3000,4.8000,'19-11-2014','11:04:00','1',''),(NULL,'211114-MUS-AUDMYR','MUS','MYR','AUD',0.0000,0.3405,'21-11-2014','09:08:46','1','Y'),(NULL,'211114-MUS-CNYMYR','MUS','MYR','CNY',0.0000,1.8070,'21-11-2014','09:08:46','1','Y'),(NULL,'211114-MUS-HKDMYR','MUS','MYR','HKD',0.0000,2.2788,'21-11-2014','09:08:46','1','Y'),(NULL,'211114-MUS-INRMYR','MUS','MYR','INR',0.0000,18.0280,'21-11-2014','09:08:46','1','Y'),(NULL,'211114-MUS-IDRMYR','MUS','MYR','IDR',0.0000,3545.9559,'21-11-2014','09:08:46','1','Y'),(NULL,'211114-MUS-JPYMYR','MUS','MYR','JPY',0.0000,34.5081,'21-11-2014','09:08:46','1','Y'),(NULL,'211114-MUS-NZDMYR','MUS','MYR','NZD',0.0000,0.3724,'21-11-2014','09:08:46','1','Y'),(NULL,'211114-MUS-PKRMYR','MUS','MYR','PKR',0.0000,30.1406,'21-11-2014','09:08:46','1','Y'),(NULL,'211114-MUS-PHPMYR','MUS','MYR','PHP',0.0000,13.0780,'21-11-2014','09:08:46','1','Y'),(NULL,'211114-MUS-SGDMYR','MUS','MYR','SGD',0.0000,0.3858,'21-11-2014','09:08:46','1','Y'),(NULL,'211114-MUS-KRWMYR','MUS','MYR','KRW',0.0000,321.2323,'21-11-2014','09:08:46','1','Y'),(NULL,'211114-MUS-LKRMYR','MUS','MYR','LKR',0.0000,36.7429,'21-11-2014','09:08:46','1','Y'),(NULL,'211114-MUS-TWDMYR','MUS','MYR','TWD',0.0000,8.7882,'21-11-2014','09:08:46','1','Y'),(NULL,'211114-MUS-THBMYR','MUS','MYR','THB',0.0000,9.5495,'21-11-2014','09:08:46','1','Y'),(NULL,'211114-MUS-USDMYR','MUS','MYR','USD',0.0000,0.2947,'21-11-2014','09:08:46','1','Y'),(NULL,'211114-MUS-CADMYR','MUS','MYR','CAD',0.0000,0.3323,'21-11-2014','09:08:46','1','Y'),(NULL,'211114-MUS-GBPMYR','MUS','MYR','GBP',0.0000,0.1874,'21-11-2014','09:08:46','1','Y'),(NULL,'211114-MUS-DKKMYR','MUS','MYR','DKK',0.0000,1.7147,'21-11-2014','09:08:46','1','Y'),(NULL,'211114-MUS-EURMYR','MUS','MYR','EUR',0.0000,0.2347,'21-11-2014','09:08:46','1','Y'),(NULL,'211114-MUS-NOKMYR','MUS','MYR','NOK',0.0000,1.9485,'21-11-2014','09:08:46','1','Y'),(NULL,'211114-MUS-CHFMYR','MUS','MYR','CHF',0.0000,0.2816,'21-11-2014','09:08:46','1','Y'),(NULL,'211114-MUS-BHDMYR','MUS','MYR','BHD',0.0000,0.1102,'21-11-2014','09:08:46','1','Y'),(NULL,'211114-MUS-EGPMYR','MUS','MYR','EGP',0.0000,2.0854,'21-11-2014','09:08:46','1','Y'),(NULL,'211114-MUS-JODMYR','MUS','MYR','JOD',0.0000,0.2041,'21-11-2014','09:08:46','1','Y'),(NULL,'211114-MUS-QARMYR','MUS','MYR','QAR',0.0000,1.0687,'21-11-2014','09:08:46','1','Y'),(NULL,'211114-MUS-KWDMYR','MUS','MYR','KWD',0.0000,0.0861,'21-11-2014','09:08:46','1','Y'),(NULL,'211114-MUS-MURMYR','MUS','MYR','MUR',0.0000,9.1857,'21-11-2014','09:08:46','1','Y'),(NULL,'211114-MUS-OMRMYR','MUS','MYR','OMR',0.0000,0.1131,'21-11-2014','09:08:46','1','Y'),(NULL,'211114-MUS-SARMYR','MUS','MYR','SAR',0.0000,1.0898,'21-11-2014','09:08:46','1','Y'),(NULL,'211114-MUS-ZARMYR','MUS','MYR','ZAR',0.0000,3.0619,'21-11-2014','09:08:46','1','Y'),(NULL,'211114-MUS-UAEMYR','MUS','MYR','UAE',0.0000,1.0687,'21-11-2014','09:08:46','1','Y'),(NULL,'211114-TRA-SARMYR','TRA','MYR','SAR',0.0000,88.9416,'21-11-2014','09:46:35','100',''),(NULL,'211114-TRA-GBPMYR','TRA','MYR','GBP',0.0000,5.3328,'21-11-2014','09:46:35','1',''),(NULL,'211114-TRA-PHPMYR','TRA','MYR','PHP',0.0000,8.3090,'21-11-2014','09:46:35','100',''),(NULL,'211114-TRA-CNYMYR','TRA','MYR','CNY',0.0000,55.5029,'21-11-2014','09:46:34','100',''),(NULL,'211114-TRA-VNDMYR','TRA','MYR','VND',0.0000,0.0182,'21-11-2014','09:50:27','100',''),(NULL,'211114-TRA-INRMYR','TRA','MYR','INR',0.0000,6.0961,'21-11-2014','09:46:35','100',''),(NULL,'211114-TRA-SGDMYR','TRA','MYR','SGD',0.0000,2.6148,'21-11-2014','09:46:35','1',''),(NULL,'211114-TRA-USDMYR','TRA','MYR','USD',0.0000,3.4227,'21-11-2014','09:46:35','1',''),(NULL,'211114-TRA-HKDMYR','TRA','MYR','HKD',0.0000,46.4958,'21-11-2014','09:46:35','100',''),(NULL,'211114-TRA-AUDMYR','TRA','MYR','AUD',0.0000,2.9547,'21-11-2014','09:46:34','1',''),(NULL,'211114-TRA-IDRMYR','TRA','MYR','IDR',0.0000,0.0286,'21-11-2014','09:46:35','100',''),(NULL,'211114-TRA-THBMYR','TRA','MYR','THB',0.0000,11.3716,'21-11-2014','09:46:35','100',''),(NULL,'211114-TRA-TWDMYR','TRA','MYR','TWD',0.0000,11.3561,'21-11-2014','09:46:35','100',''),(NULL,'211114-TRA-JPYMYR','TRA','MYR','JPY',0.0000,2.9708,'21-11-2014','09:46:35','100',''),(NULL,'211114-TRA-BNDMYR','TRA','MYR','BND',0.0000,2.6685,'21-11-2014','09:46:34','1',''),(NULL,'211114-TRA-EURMYR','TRA','MYR','EUR',0.0000,4.2651,'21-11-2014','09:46:35','1',''),(NULL,'211114-MMM-USDMYR','MMM','MYR','USD',3.3400,3.3600,'21-11-2014','10:35:00','1',''),(NULL,'211114-MMM-GBPMYR','MMM','MYR','GBP',5.2700,5.3100,'21-11-2014','01:01:00','1',''),(NULL,'211114-MMM-SGDMYR','MMM','MYR','SGD',2.5750,2.5900,'21-11-2014','10:34:00','1',''),(NULL,'211114-MMM-JPYMYR','MMM','MYR','JPY',28.7000,29.3000,'21-11-2014','01:39:00','1000',''),(NULL,'211114-MMM-HKDMYR','MMM','MYR','HKD',43.1000,43.6500,'21-11-2014','10:07:00','100',''),(NULL,'211114-MMM-AUDMYR','MMM','MYR','AUD',2.9000,2.9500,'21-11-2014','10:07:00','1',''),(NULL,'211114-MMM-THBMYR','MMM','MYR','THB',10.3000,10.4200,'21-11-2014','10:36:00','100',''),(NULL,'211114-MMM-IDRMYR','MMM','MYR','IDR',277.0000,283.0000,'21-11-2014','10:08:00','1M ',''),(NULL,'211114-MMM-INRMYR','MMM','MYR','INR',5.3500,5.5000,'21-11-2014','10:09:00','100',''),(NULL,'211114-MMM-VNDMYR','MMM','MYR','VND',154.0000,164.0000,'21-11-2014','10:09:00','1M',''),(NULL,'211114-MMM-PHPMYR','MMM','MYR','PHP',7.4500,7.6000,'21-11-2014','10:10:00','100',''),(NULL,'211114-MMM-NZDMYR','MMM','MYR','NZD',2.6600,2.7000,'21-11-2014','11:31:00','1',''),(NULL,'211114-MMM-CNYMYR','MMM','MYR','CNY',54.7000,55.1500,'21-11-2014','10:11:00','100',''),(NULL,'211114-MMM-TWDMYR','MMM','MYR','TWD',11.2000,11.3500,'21-11-2014','10:11:00','100',''),(NULL,'211114-MMM-CHFMYR','MMM','MYR','CHF',3.4600,3.5300,'21-11-2014','10:13:00','1',''),(NULL,'211114-MMM-CADMYR','MMM','MYR','CAD',2.9200,2.9800,'21-11-2014','10:14:00','1',''),(NULL,'211114-MMM-KRWMYR','MMM','MYR','KRW',3.0700,3.1350,'21-11-2014','10:14:00','1000',''),(NULL,'211114-MMM-SARMYR','MMM','MYR','SAR',87.9000,89.7000,'21-11-2014','10:15:00','100',''),(NULL,'211114-MMM-EURMYR','MMM','MYR','EUR',4.1900,4.2500,'21-11-2014','10:33:00','1',''),(NULL,'211114-MMM-AEDMYR','MMM','MYR','AED',90.0000,91.8000,'21-11-2014','10:15:00','100',''),(NULL,'211114-MMM-QARMYR','MMM','MYR','QAR',90.1000,92.0000,'21-11-2014','10:16:00','100',''),(NULL,'211114-MMM-SEKMYR','MMM','MYR','SEK',0.4300,0.4950,'21-11-2014','10:17:00','1',''),(NULL,'211114-MMM-LKRMYR','MMM','MYR','LKR',2.4000,2.7000,'21-11-2014','10:17:00','100',''),(NULL,'211114-MMM-NOKMYR','MMM','MYR','NOK',0.4800,0.5500,'21-11-2014','10:19:00','1',''),(NULL,'211114-MMM-DKKMYR','MMM','MYR','DKK',0.5400,0.6150,'21-11-2014','10:19:00','1',''),(NULL,'211114-MMM-ZARMYR','MMM','MYR','ZAR',27.0000,31.5000,'21-11-2014','10:20:00','100',''),(NULL,'211114-MMM-KWDMYR','MMM','MYR','KWD',10.5000,11.5000,'21-11-2014','10:20:00','1',''),(NULL,'211114-MMM-MOPMYR','MMM','MYR','MOP',40.0000,43.3000,'21-11-2014','10:21:00','100',''),(NULL,'211114-MMM-TURMYR','MMM','MYR','TUR',1.5500,1.7200,'21-11-2014','12:13:00','1',''),(NULL,'211114-MMM-JODMYR','MMM','MYR','JOD',4.3000,4.8000,'21-11-2014','10:21:00','1',''),(NULL,'241114-MUS-AUDMYR','MUS','MYR','AUD',0.0000,0.3383,'24-11-2014','09:09:49','1','Y'),(NULL,'241114-MUS-CNYMYR','MUS','MYR','CNY',0.0000,1.8122,'24-11-2014','09:09:49','1','Y'),(NULL,'241114-MUS-HKDMYR','MUS','MYR','HKD',0.0000,2.2867,'24-11-2014','09:09:49','1','Y'),(NULL,'241114-MUS-INRMYR','MUS','MYR','INR',0.0000,17.9535,'24-11-2014','09:09:49','1','Y'),(NULL,'241114-MUS-IDRMYR','MUS','MYR','IDR',0.0000,3547.7941,'24-11-2014','09:09:49','1','Y'),(NULL,'241114-MUS-JPYMYR','MUS','MYR','JPY',0.0000,34.4335,'24-11-2014','09:09:49','1','Y'),(NULL,'241114-MUS-NZDMYR','MUS','MYR','NZD',0.0000,0.3712,'24-11-2014','09:09:49','1','Y'),(NULL,'241114-MUS-PKRMYR','MUS','MYR','PKR',0.0000,30.1563,'24-11-2014','09:09:49','1','Y'),(NULL,'241114-MUS-PHPMYR','MUS','MYR','PHP',0.0000,13.0847,'24-11-2014','09:09:49','1','Y'),(NULL,'241114-MUS-SGDMYR','MUS','MYR','SGD',0.0000,0.3860,'24-11-2014','09:09:49','1','Y'),(NULL,'241114-MUS-KRWMYR','MUS','MYR','KRW',0.0000,321.3988,'24-11-2014','09:09:49','1','Y'),(NULL,'241114-MUS-LKRMYR','MUS','MYR','LKR',0.0000,36.7619,'24-11-2014','09:09:49','1','Y'),(NULL,'241114-MUS-TWDMYR','MUS','MYR','TWD',0.0000,8.8128,'24-11-2014','09:09:49','1','Y'),(NULL,'241114-MUS-THBMYR','MUS','MYR','THB',0.0000,9.5782,'24-11-2014','09:09:49','1','Y'),(NULL,'241114-MUS-USDMYR','MUS','MYR','USD',0.0000,0.2958,'24-11-2014','09:09:49','1','Y'),(NULL,'241114-MUS-CADMYR','MUS','MYR','CAD',0.0000,0.3305,'24-11-2014','09:09:49','1','Y'),(NULL,'241114-MUS-GBPMYR','MUS','MYR','GBP',0.0000,0.1883,'24-11-2014','09:09:49','1','Y'),(NULL,'241114-MUS-DKKMYR','MUS','MYR','DKK',0.0000,1.7309,'24-11-2014','09:09:49','1','Y'),(NULL,'241114-MUS-EURMYR','MUS','MYR','EUR',0.0000,0.2372,'24-11-2014','09:09:49','1','Y'),(NULL,'241114-MUS-NOKMYR','MUS','MYR','NOK',0.0000,1.9495,'24-11-2014','09:09:49','1','Y'),(NULL,'241114-MUS-CHFMYR','MUS','MYR','CHF',0.0000,0.2849,'24-11-2014','09:09:49','1','Y'),(NULL,'241114-MUS-BHDMYR','MUS','MYR','BHD',0.0000,0.1106,'24-11-2014','09:09:49','1','Y'),(NULL,'241114-MUS-EGPMYR','MUS','MYR','EGP',0.0000,2.0978,'24-11-2014','09:09:49','1','Y'),(NULL,'241114-MUS-JODMYR','MUS','MYR','JOD',0.0000,0.2053,'24-11-2014','09:09:49','1','Y'),(NULL,'241114-MUS-QARMYR','MUS','MYR','QAR',0.0000,1.0722,'24-11-2014','09:09:49','1','Y'),(NULL,'241114-MUS-KWDMYR','MUS','MYR','KWD',0.0000,0.0864,'24-11-2014','09:09:49','1','Y'),(NULL,'241114-MUS-MURMYR','MUS','MYR','MUR',0.0000,9.2344,'24-11-2014','09:09:49','1','Y'),(NULL,'241114-MUS-OMRMYR','MUS','MYR','OMR',0.0000,0.1135,'24-11-2014','09:09:49','1','Y'),(NULL,'241114-MUS-SARMYR','MUS','MYR','SAR',0.0000,1.0935,'24-11-2014','09:09:49','1','Y'),(NULL,'241114-MUS-ZARMYR','MUS','MYR','ZAR',0.0000,3.0635,'24-11-2014','09:09:49','1','Y'),(NULL,'241114-MUS-UAEMYR','MUS','MYR','UAE',0.0000,1.0722,'24-11-2014','09:09:49','1','Y'),(NULL,'241114-TRA-SARMYR','TRA','MYR','SAR',0.0000,88.9115,'24-11-2014','09:37:38','100',''),(NULL,'241114-TRA-GBPMYR','TRA','MYR','GBP',0.0000,5.3542,'24-11-2014','09:37:38','1',''),(NULL,'241114-TRA-PHPMYR','TRA','MYR','PHP',0.0000,8.0510,'24-11-2014','09:39:07','100',''),(NULL,'241114-TRA-CNYMYR','TRA','MYR','CNY',0.0000,55.5029,'24-11-2014','09:37:38','100',''),(NULL,'241114-TRA-VNDMYR','TRA','MYR','VND',0.0000,0.0182,'24-11-2014','09:37:39','100',''),(NULL,'241114-TRA-INRMYR','TRA','MYR','INR',0.0000,6.0961,'24-11-2014','09:37:38','100',''),(NULL,'241114-TRA-SGDMYR','TRA','MYR','SGD',0.0000,2.6148,'24-11-2014','09:37:38','1',''),(NULL,'241114-TRA-USDMYR','TRA','MYR','USD',0.0000,3.3854,'24-11-2014','09:37:39','1',''),(NULL,'241114-TRA-HKDMYR','TRA','MYR','HKD',0.0000,46.5602,'24-11-2014','09:37:38','100',''),(NULL,'241114-TRA-AUDMYR','TRA','MYR','AUD',0.0000,2.9443,'24-11-2014','09:37:38','1',''),(NULL,'241114-TRA-IDRMYR','TRA','MYR','IDR',0.0000,0.0286,'24-11-2014','09:37:38','100',''),(NULL,'241114-TRA-THBMYR','TRA','MYR','THB',0.0000,11.3826,'24-11-2014','09:37:38','100',''),(NULL,'241114-TRA-TWDMYR','TRA','MYR','TWD',0.0000,11.3561,'24-11-2014','09:37:39','100',''),(NULL,'241114-TRA-JPYMYR','TRA','MYR','JPY',0.0000,2.9604,'24-11-2014','09:37:38','100',''),(NULL,'241114-TRA-BNDMYR','TRA','MYR','BND',0.0000,2.6697,'24-11-2014','09:37:38','1',''),(NULL,'241114-TRA-EURMYR','TRA','MYR','EUR',0.0000,4.2663,'24-11-2014','09:37:38','1',''),(NULL,'241114-MMM-USDMYR','MMM','MYR','USD',3.3200,3.3400,'24-11-2014','12:27:00','1',''),(NULL,'241114-MMM-GBPMYR','MMM','MYR','GBP',5.2200,5.3100,'24-11-2014','10:04:00','1',''),(NULL,'241114-MMM-SGDMYR','MMM','MYR','SGD',2.5600,2.5800,'24-11-2014','10:05:00','1',''),(NULL,'241114-MMM-JPYMYR','MMM','MYR','JPY',28.4000,29.2500,'24-11-2014','10:05:00','1000',''),(NULL,'241114-MMM-HKDMYR','MMM','MYR','HKD',42.6000,43.5000,'24-11-2014','10:06:00','100',''),(NULL,'241114-MMM-AUDMYR','MMM','MYR','AUD',2.9100,2.9500,'24-11-2014','10:06:00','1',''),(NULL,'241114-MMM-THBMYR','MMM','MYR','THB',10.3000,10.4000,'24-11-2014','10:07:00','100',''),(NULL,'241114-MMM-IDRMYR','MMM','MYR','IDR',273.0000,282.0000,'24-11-2014','10:07:00','1M ',''),(NULL,'241114-MMM-INRMYR','MMM','MYR','INR',5.3000,5.4500,'24-11-2014','10:07:00','100',''),(NULL,'241114-MMM-VNDMYR','MMM','MYR','VND',154.0000,164.0000,'24-11-2014','10:08:00','1M',''),(NULL,'241114-MMM-PHPMYR','MMM','MYR','PHP',7.3500,7.5500,'24-11-2014','11:21:00','100',''),(NULL,'241114-MMM-NZDMYR','MMM','MYR','NZD',2.6000,2.6850,'24-11-2014','10:09:00','1',''),(NULL,'241114-MMM-CNYMYR','MMM','MYR','CNY',54.4000,55.1500,'24-11-2014','10:09:00','100',''),(NULL,'241114-MMM-TWDMYR','MMM','MYR','TWD',11.2000,11.3500,'24-11-2014','10:10:00','100',''),(NULL,'241114-MMM-CHFMYR','MMM','MYR','CHF',3.4000,3.5100,'24-11-2014','10:10:00','1',''),(NULL,'241114-MMM-CADMYR','MMM','MYR','CAD',2.9400,3.0000,'24-11-2014','10:11:00','1',''),(NULL,'241114-MMM-KRWMYR','MMM','MYR','KRW',3.0600,3.1200,'24-11-2014','12:51:00','1000',''),(NULL,'241114-MMM-SARMYR','MMM','MYR','SAR',87.5000,89.5000,'24-11-2014','10:12:00','100',''),(NULL,'241114-MMM-EURMYR','MMM','MYR','EUR',4.1400,4.2450,'24-11-2014','10:12:00','1',''),(NULL,'241114-MMM-AEDMYR','MMM','MYR','AED',89.5000,91.5000,'24-11-2014','10:13:00','100',''),(NULL,'241114-MMM-QARMYR','MMM','MYR','QAR',89.7000,91.7000,'24-11-2014','10:13:00','100',''),(NULL,'241114-MMM-SEKMYR','MMM','MYR','SEK',0.4400,0.5000,'24-11-2014','11:03:00','1',''),(NULL,'241114-MMM-LKRMYR','MMM','MYR','LKR',2.4000,2.7000,'24-11-2014','10:15:00','100',''),(NULL,'241114-MMM-NOKMYR','MMM','MYR','NOK',0.4800,0.5500,'24-11-2014','10:15:00','1',''),(NULL,'241114-MMM-DKKMYR','MMM','MYR','DKK',0.5400,0.6150,'24-11-2014','10:15:00','1',''),(NULL,'241114-MMM-ZARMYR','MMM','MYR','ZAR',27.0000,31.5000,'24-11-2014','10:16:00','100',''),(NULL,'241114-MMM-KWDMYR','MMM','MYR','KWD',10.5000,11.5000,'24-11-2014','10:16:00','1',''),(NULL,'241114-MMM-MOPMYR','MMM','MYR','MOP',40.0000,43.3000,'24-11-2014','10:17:00','100',''),(NULL,'241114-MMM-TURMYR','MMM','MYR','TUR',1.5500,1.7200,'24-11-2014','10:17:00','1',''),(NULL,'241114-MMM-JODMYR','MMM','MYR','JOD',4.3000,4.8000,'24-11-2014','10:17:00','1','');
/*!40000 ALTER TABLE `rates` ENABLE KEYS */;
UNLOCK TABLES;

--
-- Table structure for table `url`
--

DROP TABLE IF EXISTS `url`;
/*!40101 SET @saved_cs_client     = @@character_set_client */;
/*!40101 SET character_set_client = utf8 */;
CREATE TABLE `url` (
  `No` int(1) DEFAULT NULL,
  `ID` varchar(4) NOT NULL DEFAULT '',
  `Address` varchar(91) DEFAULT NULL,
  `Name` varchar(20) DEFAULT NULL,
  `MainPattern` varchar(100) DEFAULT NULL,
  `BuyCCYPattern` varchar(100) NOT NULL,
  `SellCCYPattern` varchar(100) NOT NULL,
  `BidPattern` varchar(100) NOT NULL,
  `OfferPattern` varchar(100) NOT NULL,
  `DatePattern` varchar(100) NOT NULL,
  `UnitPattern` varchar(100) NOT NULL,
  `BuyCCY_EP` varchar(100) NOT NULL,
  `SellCCY_EP` varchar(100) NOT NULL,
  `Bid_EP` varchar(100) NOT NULL,
  `Offer_EP` varchar(100) NOT NULL,
  `Date_EP` varchar(100) NOT NULL,
  `Unit_EP` varchar(100) NOT NULL,
  `WebOrder` text NOT NULL,
  `postData` text NOT NULL,
  PRIMARY KEY (`ID`)
) ENGINE=InnoDB DEFAULT CHARSET=utf8;
/*!40101 SET character_set_client = @saved_cs_client */;

--
-- Dumping data for table `url`
--

LOCK TABLES `url` WRITE;
/*!40000 ALTER TABLE `url` DISABLE KEYS */;
INSERT INTO `url` VALUES (NULL,'EZFX','http://ezfx.maventree.com/Account/Login.aspx?ReturnUrl=%2fAdmin%2fBankOrders.aspx','EZFX','Updated on</th>','<td>','','\">','\">','</td><td>','1','<','','<','<','<','','0,1,2,3,4,5','__LASTFOCUS=&__EVENTTARGET=&__EVENTARGUMENT=&__VIEWSTATE=%2FwEPDwUKLTc1MzkwOTY1NmQYAQUeX19Db250cm9sc1JlcXVpcmVQb3N0QmFja0tleV9fFgIFF0xvZ2luQ29udHJvbCRSZW1lbWJlck1lBR1Mb2dpbkNvbnRyb2wkTG9naW5JbWFnZUJ1dHRvblRwNdm7t2he5isZi0sgU79dIUdeb3vgnSRTfA0UaFtz&__EVENTVALIDATION=%2FwEWBQLQ46iPCwKmg7i8CAKW58jlCgL%2Bho2mCwKki8v2DHQnNfAgvBg8Iapoon0ivrjG%2FKVrWNi%2BmfPsslUFwcv3&LoginControl%24UserName=ezfx_trader2&LoginControl%24Password=traderpassword%21&LoginControl%24LoginButton=LOG+IN'),(2,'MMM','http://www.moneymaster.com.my/','My Money Master','src=\"admin/flag/1339941184Usa.jpg\"','MYR','<td><strong>','</strong></td> <td><strong>','<td><strong>','<td>','<td><strong>','','<','<','<','<','<','5,0,1,2,3,4',''),(3,'MUS','http://www.mustafa.com.sg/frmForexNew.aspx','Mustafa','Per&nbsp;1&nbsp;MYR','MYR','color=\"Black\">','','color=\"Black\">','','1','','<','','<','','','0,1,2,3,4,5','__VIEWSTATE=%2FwEPDwUINjA2ODk5ODIPZBYCZg9kFgICAw9kFgICAQ9kFgICAQ9kFgICAw8QDxYEHg5EYXRhVmFsdWVGaWVsZAUHY3VybmFtZR4LXyFEYXRhQm91bmRnZBAVIRFTaW5nYXBvcmUgRG9sbGFycx5BdXN0cmFsaWFuIERvbGxhcnMgICAgICAgICAgICAeQ2hpbmVzZSBSZW5taW1iaSAgICAgICAgICAgICAgHkhvbmdLb25nIERvbGxhcnMgICAgICAgICAgICAgIB5JbmRpYW4gUnVwZWVzICAgICAgICAgICAgICAgICAeSW5kb25lc2lhbiBSdXBpYWggICAgICAgICAgICAgHkphcGFuZXNlIFllbiAgICAgICAgICAgICAgICAgIB5NYWxheXNpYW4gUmluZ2dpdCAgICAgICAgICAgICAeTmV3IFplYWxhbmQgRG9sbGFycyAgICAgICAgICAgHlBha2lzdGFuaSBSdXBlZXMgICAgICAgICAgICAgIB5QaGlsaXBwaW5lcyBQZXNvcyAgICAgICAgICAgICAeU2luZ2Fwb3JlIERvbGxhcnMgICAgICAgICAgICAgHlNvdXRoIEtvcmVhbiBXb24gICAgICAgICAgICAgIB5TcmlsYW5rYSBSdXBlZXMgICAgICAgICAgICAgICAeVGFpd2FuIERvbGxhcnMgICAgICAgICAgICAgICAgHlRoYWkgQmhhdCAgICAgICAgICAgICAgICAgICAgIB5BbWVyaWNhbiBEb2xsYXJzICAgICAgICAgICAgICAeQ2FuYWRpYW4gRG9sbGFycyAgICAgICAgICAgICAgHkJyaXRpc2ggUG91bmRzICAgICAgICAgICAgICAgIB5EYW5pc2ggS3JvbmVyICAgICAgICAgICAgICAgICAeRXVybyBEb2xsYXJzICAgICAgICAgICAgICAgICAgHk5vcndlZ2lhbiBLcm9uZXIgICAgICAgICAgICAgIB5Td2lzcyBGcmFuY3MgICAgICAgICAgICAgICAgICAeQmFocmFpbiBEaW5hciAgICAgICAgICAgICAgICAgHkVneXB0aWFuIFBvdW5kcyAgICAgICAgICAgICAgIB5Kb3JkYW5pYW4gRGluYXIgICAgICAgICAgICAgICAeS2F0YXIgUmlhbCAgICAgICAgICAgICAgICAgICAgHkt1d2FpdCBEaW5hciAgICAgICAgICAgICAgICAgIB5NYXVyaXRpdXMgUlBTICAgICAgICAgICAgICAgICAeT21hbiBSaWFsICAgICAgICAgICAgICAgICAgICAgHlNhdWRpIEFyYWJpYW4gUml5YWwgICAgICAgICAgIB5Tb3V0aCBBZnJpY2FuIFJhbmQgICAgICAgICAgICAeVW5pdGVkIEFyYWIgRW1pcmF0ZXMgICAgICAgICAgFSERU2luZ2Fwb3JlIERvbGxhcnMeQXVzdHJhbGlhbiBEb2xsYXJzICAgICAgICAgICAgHkNoaW5lc2UgUmVubWltYmkgICAgICAgICAgICAgIB5Ib25nS29uZyBEb2xsYXJzICAgICAgICAgICAgICAeSW5kaWFuIFJ1cGVlcyAgICAgICAgICAgICAgICAgHkluZG9uZXNpYW4gUnVwaWFoICAgICAgICAgICAgIB5KYXBhbmVzZSBZZW4gICAgICAgICAgICAgICAgICAeTWFsYXlzaWFuIFJpbmdnaXQgICAgICAgICAgICAgHk5ldyBaZWFsYW5kIERvbGxhcnMgICAgICAgICAgIB5QYWtpc3RhbmkgUnVwZWVzICAgICAgICAgICAgICAeUGhpbGlwcGluZXMgUGVzb3MgICAgICAgICAgICAgHlNpbmdhcG9yZSBEb2xsYXJzICAgICAgICAgICAgIB5Tb3V0aCBLb3JlYW4gV29uICAgICAgICAgICAgICAeU3JpbGFua2EgUnVwZWVzICAgICAgICAgICAgICAgHlRhaXdhbiBEb2xsYXJzICAgICAgICAgICAgICAgIB5UaGFpIEJoYXQgICAgICAgICAgICAgICAgICAgICAeQW1lcmljYW4gRG9sbGFycyAgICAgICAgICAgICAgHkNhbmFkaWFuIERvbGxhcnMgICAgICAgICAgICAgIB5Ccml0aXNoIFBvdW5kcyAgICAgICAgICAgICAgICAeRGFuaXNoIEtyb25lciAgICAgICAgICAgICAgICAgHkV1cm8gRG9sbGFycyAgICAgICAgICAgICAgICAgIB5Ob3J3ZWdpYW4gS3JvbmVyICAgICAgICAgICAgICAeU3dpc3MgRnJhbmNzICAgICAgICAgICAgICAgICAgHkJhaHJhaW4gRGluYXIgICAgICAgICAgICAgICAgIB5FZ3lwdGlhbiBQb3VuZHMgICAgICAgICAgICAgICAeSm9yZGFuaWFuIERpbmFyICAgICAgICAgICAgICAgHkthdGFyIFJpYWwgICAgICAgICAgICAgICAgICAgIB5LdXdhaXQgRGluYXIgICAgICAgICAgICAgICAgICAeTWF1cml0aXVzIFJQUyAgICAgICAgICAgICAgICAgHk9tYW4gUmlhbCAgICAgICAgICAgICAgICAgICAgIB5TYXVkaSBBcmFiaWFuIFJpeWFsICAgICAgICAgICAeU291dGggQWZyaWNhbiBSYW5kICAgICAgICAgICAgHlVuaXRlZCBBcmFiIEVtaXJhdGVzICAgICAgICAgIBQrAyFnZ2dnZ2dnZ2dnZ2dnZ2dnZ2dnZ2dnZ2dnZ2dnZ2dnZ2dkZBgBBR5fX0NvbnRyb2xzUmVxdWlyZVBvc3RCYWNrS2V5X18WAQUmY3RsMDAkTWFpbkNvbnRlbnQkaWRGb3JleCRJbWFnZUJ1dHRvbjEHD%2FQW6vxzXbFVXaskGx5vM4O4UQ%3D%3D&__EVENTVALIDATION=%2FwEWJAKVgP%2FGDAKD%2BMHTAwKK5d6rAgL92eqhCALOi7CgCgLGoOrbCALOyLjUDgK9y5DhAgLh1JmPAgLr%2BumaBALZ9NauDQLSreviCQKB5%2BmqBgKx1aa9AwLvspDaCgLB9e20CgLp1prDBgLIjZX0CQL3qpeRDgLKi7yyCQLjz%2FLqBQK385jhCwLV%2B6iwBQLLsJ7sDAKOopL4DQKSnbvwAQLtrda9DwKOrOptAq6TtasLApTfvTMC0dHRig4CgLeEjQUCpaDg1QECwbTziAEChpSj6QUCpbSMhg633lrAUOdAkBcpLXlLnnPqP4mZGw%3D%3D&ctl00%24MainContent%24idForex%24dbtCountryName=Malaysian+Ringgit+++++++++++++&ctl00%24MainContent%24idForex%24dblUnit=1&ctl00%24MainContent%24idForex%24ImageButton1.x=57&ctl00%24MainContent%24idForex%24ImageButton1.y=12'),(1,'TRA','http://www.travelex.com.my/MY/For-Individuals/Foreign-Exchange-Rates/Today-s-Online-Rates/ ','Travelex','var rates=\'','MYR','CurrencyCode\":\"','','ExchangeRate\":','\"DateReviewed\":\"','\"RateDenomination\":','','\"','',',\"',' \"','}','0,1,2,3,4,5','');
/*!40000 ALTER TABLE `url` ENABLE KEYS */;
UNLOCK TABLES;
/*!40103 SET TIME_ZONE=@OLD_TIME_ZONE */;

/*!40101 SET SQL_MODE=@OLD_SQL_MODE */;
/*!40014 SET FOREIGN_KEY_CHECKS=@OLD_FOREIGN_KEY_CHECKS */;
/*!40014 SET UNIQUE_CHECKS=@OLD_UNIQUE_CHECKS */;
/*!40101 SET CHARACTER_SET_CLIENT=@OLD_CHARACTER_SET_CLIENT */;
/*!40101 SET CHARACTER_SET_RESULTS=@OLD_CHARACTER_SET_RESULTS */;
/*!40101 SET COLLATION_CONNECTION=@OLD_COLLATION_CONNECTION */;
/*!40111 SET SQL_NOTES=@OLD_SQL_NOTES */;

-- Dump completed on 2014-11-24 18:21:46
